Time_ini_ms,Time_fin_ms,sdnn,rmsdd,pnn50
1764939599.2175035,1764939601.8975034,0.1401884446022568,0.14761097520171068,0.0
1764939599.5315034,1764939602.4835036,0.06570235916616707,0.11483901775964499,0.0
1764939600.0475035,1764939603.1435034,0.05625655517359746,0.10137060717979372,0.0
1764939600.6975036,1764939603.7575035,0.053769880044500874,0.08784076502399116,0.0
1764939601.2335036,1764939604.4195035,0.03645270908999768,0.06515366451704771,0.0
1764939601.8975034,1764939604.9755034,0.04723134552392107,0.07457211275000881,0.0
1764939602.4835036,1764939605.6435034,0.048633321909982936,0.08582540416450173,0.0
1764939603.1435034,1764939606.2635036,0.04592602747897997,0.08582540416450173,0.0
1764939603.7575035,1764939606.8415034,0.050695167422546414,0.08500000000000038,0.0
1764939604.4195035,1764939607.4355035,0.04394086935871903,0.06625707509391003,0.0
1764939604.9755034,1764939608.1095035,0.04312771730569516,0.051594573358057075,0.0
1764939605.6435034,1764939608.7695036,0.04128922377570154,0.046065171225123255,0.0
1764939606.2635036,1764939609.3775034,0.042128375235700205,0.04865182422067994,0.0
1764939606.8415034,1764939609.9335034,0.04807078114613844,0.05395368384086405,0.0
1764939607.4355035,1764939610.5855036,0.04794997393117055,0.06077828559609009,0.0
1764939608.1095035,1764939611.1355035,0.052161288327647375,0.07976214641043619,0.0
1764939608.7695036,1764939611.7315035,0.04196188746946399,0.0787972080723667,0.0
1764939609.3775034,1764939612.3395035,0.04196188746946399,0.07489325737341031,0.0
1764939609.9335034,1764939612.9375036,0.03695943722515236,0.05762811813689525,0.0
1764939610.5855036,1764939613.5975034,0.03910498689425662,0.03894868418830035,0.0
1764939611.1355035,1764939614.1975036,0.02620686932847921,0.0422137418384103,0.0
1764939611.7315035,1764939614.7475035,0.0383249266144107,0.04880573736764896,0.0
1764939612.3395035,1764939615.3515034,0.03827270567911244,0.05515432893254956,0.0
1764939612.9375036,1764939616.0035036,0.044167861619055046,0.05260228131934939,0.0
1764939613.5975034,1764939616.5975034,0.03629325006113412,0.05316013544000849,0.0
1764939614.1975036,1764939617.2075036,0.03662239751845892,0.04777028364998592,0.0
1764939614.7475035,1764939617.7595034,0.03592770518694526,0.04946716082412924,0.0
1764939615.3515034,1764939618.4275036,0.04607385375676804,0.07121095421352146,0.0
1764939616.0035036,1764939618.9875035,0.04567274898667769,0.08354639429682328,0.0
1764939616.5975034,1764939619.6515036,0.05409251334519435,0.0974679434480909,0.0
1764939617.2075036,1764939620.2155035,0.057872273153903475,0.10516653460107972,0.0
1764939617.7595034,1764939620.9015036,0.06058712734566667,0.10738715006927062,0.0
1764939618.4275036,1764939621.6255035,0.07330211456704432,0.09511571899533738,0.0
1764939618.9875035,1764939622.3475034,0.06472402954081279,0.08029321266458311,0.0
1764939619.6515036,1764939623.1355035,0.0825227241431111,0.07212489168102831,0.0
1764939620.2155035,1764939623.8135035,0.043895330047739364,0.0679485099174366,0.0
1764939620.9015036,1764939624.3555036,0.09168860343576048,0.09371232576347797,0.0
1764939621.6255035,1764939624.9895034,0.09235799911215115,0.10438869670611048,0.0
1764939622.3475034,1764939625.5975034,0.09161440934700234,0.09968450230602677,0.0
1764939623.1355035,1764939626.1415036,0.058024132910369515,0.08810221336606984,0.0
1764939623.8135035,1764939626.7615035,0.042979064671071744,0.06813222438758641,0.0
1764939624.3555036,1764939627.3775034,0.034796551553280555,0.05026927491023042,0.0
1764939624.9895034,1764939627.9955034,0.03191864658785041,0.04829078587060205,0.0
1764939625.5975034,1764939628.5135036,0.04885488716597353,0.06302380502635514,0.0
1764939626.1415036,1764939629.1995034,0.060771703941883304,0.09913626985114822,0.0
1764939626.7615035,1764939629.8995035,0.07253412989758629,0.0993126376651012,0.0
1764939627.3775034,1764939630.5935035,0.07782544571025526,0.09932774033471053,0.0
1764939627.9955034,1764939631.2155035,0.0776736763646466,0.09291931984253747,0.0
1764939628.5135036,1764939631.8875034,0.031780497164140956,0.04566180022732164,0.0
1764939629.1995034,1764939632.4695034,0.05119765619635343,0.06453681120104844,0.0
1764939629.8995035,1764939633.0455034,0.05329915571563895,0.06453681120104839,0.0
1764939630.5935035,1764939633.6695035,0.039048687557969836,0.058068924563830865,0.0
1764939631.2155035,1764939634.3055034,0.04003998001997442,0.052163205422979635,0.0
1764939631.8875034,1764939634.9575036,0.03369272918598395,0.026191601707418268,0.0
1764939632.4695034,1764939635.5715034,0.028439409276565606,0.032893768406797405,0.0
1764939633.0455034,1764939636.1915035,0.015388307249337181,0.02284731931759088,0.0
1764939633.6695035,1764939636.7975035,0.018994736112934493,0.02368543856465312,0.0
1764939634.3055034,1764939637.4535034,0.02373183515870614,0.03399999999999913,0.0
1764939634.9575036,1764939638.1435034,0.03595552808679256,0.03232645975049016,0.0
1764939635.5715034,1764939638.8215034,0.03648561360317352,0.03283291031876626,0.0
1764939636.1915035,1764939639.5695035,0.05233736714814993,0.04806245936279703,0.0
1764939636.7975035,1764939640.2575035,0.034368590311506665,0.05094114250780672,0.0
1764939637.4535034,1764939640.8275034,0.06460650122085386,0.07529940238807045,0.0
1764939638.1435034,1764939641.4295034,0.07123201527403467,0.07645913941446367,0.0
1764939638.8215034,1764939642.0475035,0.07188045631463624,0.06805145112339711,0.0
1764939639.5695035,1764939642.6895034,0.04364859677011456,0.06157109711544812,0.0
1764939640.2575035,1764939643.2855034,0.026099808428416034,0.030182776545571416,0.0
1764939640.8275034,1764939643.8795035,0.01946278500112628,0.026210684844162224,0.0
1764939641.4295034,1764939644.4715035,0.021137644144984778,0.024698178070455046,0.0
1764939642.0475035,1764939645.0235035,0.03122178726466533,0.029154759474226428,0.0
1764939642.6895034,1764939645.7115035,0.049465139239670594,0.06967783004658,0.0
1764939643.2855034,1764939646.2435036,0.0592385009938646,0.10384122495425574,0.0
1764939643.8795035,1764939646.8335035,0.059211485372350756,0.10779610382569753,0.0
1764939644.4715035,1764939647.4075034,0.059756171229422714,0.10648943609579542,0.0
1764939645.0235035,1764939648.0275035,0.05767148342118518,0.08618004409374799,0.0
1764939645.7115035,1764939648.6795034,0.04513535199818429,0.04150903516103569,0.0
1764939646.2435036,1764939649.3795035,0.05074248712863767,0.03882009788756338,0.0
1764939646.8335035,1764939649.9895034,0.048083261120685776,0.05951470406546827,0.0
1764939647.4075034,1764939650.6175034,0.03626568626126016,0.055371472799632344,0.0
1764939648.0275035,1764939651.2735035,0.034536936748937756,0.05510898293382295,0.0
1764939648.6795034,1764939651.9115036,0.034939948483077556,0.050119856344569086,0.0
1764939649.3795035,1764939652.6075034,0.03339461034358663,0.03599999999999761,0.0
1764939649.9895034,1764939653.1555035,0.0549981817881278,0.082589345559822,0.0
1764939650.6175034,1764939653.7055035,0.06643192003848604,0.08141867107733777,0.0
1764939651.2735035,1764939654.3235035,0.06284266066932433,0.08728115489611492,0.0
1764939651.9115036,1764939654.7895036,0.08612316761475838,0.1110990549014691,0.0
1764939652.6075034,1764939655.1115034,0.1128184382093656,0.10909628774619302,0.0
1764939653.1555035,1764939655.4315035,0.1332111106477251,0.1090825375575767,0.0
1764939653.7055035,1764939656.0995035,0.16111486585663243,0.2018390447856928,0.0
1764939654.3235035,1764939656.6795034,0.15405583403428963,0.19225763964014866,0.0
1764939654.7895036,1764939657.3035035,0.16800595227550902,0.17949930361982158,0.0
1764939655.1115034,1764939657.9775035,0.14603698161767145,0.18136978800230452,0.0
1764939655.4315035,1764939658.5135036,0.05829922812525102,0.08790335602239618,0.0
1764939656.0995035,1764939659.0535035,0.05873670062235394,0.07667463726682956,0.0
1764939656.6795034,1764939659.6295035,0.05893386123443823,0.07615116545398322,0.0
1764939657.3035035,1764939660.2275035,0.05640921910468217,0.0722703258606184,0.0
1764939657.9775035,1764939660.8315034,0.03181194744117476,0.021863211109077307,0.0
1764939658.5135036,1764939661.4875035,0.04303486958270061,0.033955853692700405,0.0
1764939659.0535035,1764939662.0695035,0.03207491231476663,0.0472863616701478,0.0
1764939659.6295035,1764939662.7095034,0.031673332631726364,0.055099909255824184,0.0
1764939660.2275035,1764939663.3775034,0.03621049571602107,0.05647123161398225,0.0
1764939660.8315034,1764939663.8655035,0.07391887445030486,0.10214695296483295,0.0
1764939661.4875035,1764939664.5055034,0.0712657000246265,0.12089251424302583,0.0
1764939662.0695035,1764939665.0815034,0.07160167595803965,0.12114454176726452,0.0
1764939662.7095034,1764939665.6695035,0.06833154469203857,0.12059436139389203,0.0
1764939663.3775034,1764939666.2175035,0.05532811220347519,0.08404165633780199,0.0
1764939663.8655035,1764939666.8435035,0.037485997385696045,0.055118055118094346,0.0
1764939664.5055034,1764939667.4475036,0.03003331483536718,0.04688283267893464,0.0
1764939665.0815034,1764939668.0675035,0.03166701754191851,0.047021271782044176,0.0
1764939665.6695035,1764939668.6535034,0.03181194744117598,0.04501110973971035,0.0
1764939666.2175035,1764939669.2615035,0.01523154621172404,0.022934689882349972,0.0
1764939666.8435035,1764939669.8175035,0.024124676163627606,0.0320936130717536,0.0
1764939667.4475036,1764939670.4175036,0.023647410006169874,0.037709415269922934,0.0
1764939668.0675035,1764939671.0175035,0.01992987706936545,0.03416138170507437,0.0
1764939668.6535034,1764939671.6195035,0.020562101059959568,0.03268026927673566,0.0
1764939669.2615035,1764939672.1895034,0.02128849454517686,0.02705549851693524,0.0
1764939669.8175035,1764939672.7715034,0.01462873883832673,0.018439088914583648,0.0
1764939670.4175036,1764939673.3535035,0.01438054240979753,0.018439088914583648,0.0
1764939671.0175035,1764939673.9415035,0.012409673645987128,0.018841443681414723,0.0
1764939671.6195035,1764939674.5495036,0.014669696656715452,0.012884098726731496,0.0
1764939672.1895034,1764939675.1695035,0.01688786546607103,0.011916375287818007,0.0
1764939672.7715034,1764939675.7875035,0.017515707236652123,0.011874342087042557,0.0
1764939673.3535035,1764939676.3935034,0.012377398757416056,0.01319090595827665,0.0
1764939673.9415035,1764939677.0435035,0.01807761046156448,0.024556058315620306,0.0
1764939674.5495036,1764939677.6575034,0.017515707236652123,0.03064310689209446,0.0
1764939675.1695035,1764939678.2555034,0.02026820169625607,0.031432467291008154,0.0
1764939675.7875035,1764939678.8175035,0.031515075757487326,0.03553871128783867,0.0
1764939676.3935034,1764939679.5235035,0.05415902510201323,0.07599342076785938,0.0
1764939677.0435035,1764939680.0735035,0.0607717039418881,0.10650352106856152,0.0
1764939677.6575034,1764939680.6455035,0.06247559523526457,0.10674268124795028,0.0
1764939678.2555034,1764939681.2835035,0.06517054549411658,0.11057124400133111,0.0
1764939678.8175035,1764939681.8475034,0.06517054549411658,0.09289241088485901,0.0
1764939679.5235035,1764939682.4915035,0.044622864094547236,0.06618912297349906,0.0
1764939680.0735035,1764939683.1035035,0.03785762802924062,0.06735725647620448,0.0
1764939680.6455035,1764939683.7395034,0.03355592347112814,0.05917769850206109,0.0
1764939681.2835035,1764939684.4055035,0.039532265303168425,0.04810405388322794,0.0
1764939681.8475034,1764939685.0695035,0.021972710347157972,0.025238858928251038,0.0
1764939682.4915035,1764939685.7555034,0.029051678092667697,0.022912878474775415,0.0
1764939683.1035035,1764939686.4775035,0.03188730154779327,0.026324893162173856,0.0
1764939683.7395034,1764939687.1555035,0.023082460874003535,0.029631064780052358,0.0
1764939684.4055035,1764939687.7835035,0.03436277055186534,0.03937003937006187,0.0
1764939685.0695035,1764939688.4295034,0.03648561360317463,0.03880721582387074,0.0
1764939685.7555034,1764939689.0635035,0.038564232132900285,0.03539774004086114,0.0
1764939686.4775035,1764939689.6835034,0.023426480742957997,0.029597297173907248,0.0
1764939687.1555035,1764939690.3675034,0.025861167800389686,0.035902646142027574,0.0
1764939687.7835035,1764939690.8915036,0.06035892643180747,0.08803408430829529,0.0
1764939688.4295034,1764939691.5155034,0.05884556058022024,0.10156278846113355,0.0
1764939689.0635035,1764939692.0675035,0.06392182725799231,0.10745696813144154,0.0
1764939689.6835034,1764939692.6575034,0.06321392251712019,0.1038364097992718,0.0
1764939690.3675034,1764939693.2355034,0.03838228758165114,0.06516133823059429,0.0
1764939690.8915036,1764939693.8215034,0.025830214865547624,0.040669398815338174,0.0
1764939691.5155034,1764939694.4535034,0.02889982698910659,0.03056141357987984,0.0
1764939692.0675035,1764939695.0675035,0.022917242417013525,0.02628687885619344,0.0
1764939692.6575034,1764939695.6835034,0.022689204481430338,0.025806975801129686,0.0
1764939693.2355034,1764939696.3415034,0.02718087562975138,0.03377869150811344,0.0
1764939693.8215034,1764939696.9095035,0.03363331681532477,0.05177837386400034,0.0
1764939694.4535034,1764939697.5095034,0.03305752561823092,0.053749418601507205,0.0
1764939695.0675035,1764939698.2975035,0.08555232317126336,0.10741508273981222,0.0
1764939695.6835034,1764939698.8435035,0.09639087093703352,0.1595430976256881,0.0
1764939696.3415034,1764939699.4915035,0.0957977035215344,0.1610558909198896,0.0
1764939696.9095035,1764939700.1355035,0.08905503916118336,0.1601842688905484,0.0
1764939697.5095034,1764939700.7255034,0.09040353975370481,0.1329887213262789,0.0
1764939698.2975035,1764939701.0775034,0.12201311404926438,0.1329887213262789,0.0
1764939698.8435035,1764939701.3935034,0.16286558875342588,0.12399193522160841,0.0
1764939699.4915035,1764939701.9055035,0.14417350658148076,0.15801582199261163,0.0
1764939700.1355035,1764939702.6835034,0.1873424671557466,0.2042473990042523,0.0
1764939700.7255034,1764939703.3275034,0.19460935229325763,0.17796909844128592,0.0
1764939701.0775034,1764939703.9755034,0.1740551636694594,0.17715812146216664,0.0
1764939701.3935034,1764939704.4975035,0.10823123393919346,0.1600781059358284,0.0
1764939701.9055035,1764939705.0815034,0.09414244526248673,0.09571833680126764,0.0
1764939702.6835034,1764939705.6475034,0.0533104117410444,0.070042844031348,0.0
1764939703.3275034,1764939706.2515035,0.04606517122512316,0.0728354309385196,0.0
1764939703.9755034,1764939706.7695036,0.03836665218649901,0.05828378848359021,0.0
1764939704.4975035,1764939707.3515034,0.03334666400106385,0.05937171043518597,0.0
1764939705.0815034,1764939707.9215035,0.032453043000615876,0.05883026432032569,0.0
1764939705.6475034,1764939708.6975036,0.09765858897198838,0.11603878661895169,0.0
1764939706.2515035,1764939709.3795035,0.10271903426336994,0.11681181447096636,0.0
1764939706.7695036,1764939710.2515035,0.12789370586545848,0.1462600423902626,0.0
1764939707.3515034,1764939711.0055034,0.11182128598795532,0.15722595205627307,0.0
1764939707.9215035,1764939711.8175035,0.06945502141674685,0.12288205727445348,0.0
1764939708.6975036,1764939712.5095034,0.07957889167361533,0.12831601614764235,0.0
1764939709.3795035,1764939713.1535034,0.09080088105299844,0.09085152722987314,0.0
1764939710.2515035,1764939713.8975034,0.0638122245341791,0.08596510920135463,0.0
1764939711.0055034,1764939714.4635034,0.09325663515268062,0.11979148550711385,0.0
1764939711.8175035,1764939715.1275034,0.06503229966716535,0.11519548602267571,0.0
1764939712.5095034,1764939715.7435036,0.06515212966588499,0.11519548602267725,0.0
1764939713.1535034,1764939716.3195035,0.07235191773546891,0.10550355444249294,0.0
1764939713.8975034,1764939716.8995035,0.04007492981902602,0.05823229344616167,0.0
1764939714.4635034,1764939717.5375035,0.037363083384537116,0.042118879377303714,0.0
1764939715.1275034,1764939718.1295035,0.02515551629364386,0.04041039470234741,0.0
1764939715.7435036,1764939718.4435034,0.12922538450319473,0.14447145046685872,0.0
1764939716.3195035,1764939718.7535036,0.16110865898516924,0.14446106741955791,0.0
1764939716.8995035,1764939719.0695035,0.16579264157374216,0.14175330683972834,0.0
1764939717.5375035,1764939719.4055035,0.12274852341270683,0.14039230748156467,0.0
1764939718.1295035,1764939719.6655035,0.028128277586796563,0.039420806688851215,0.0
1764939718.4435034,1764939720.1995034,0.10508663092896099,0.14159449141827016,0.0
1764939718.7535036,1764939720.7855034,0.1436941195734857,0.14411453778158048,0.0
1764939719.0695035,1764939721.4515035,0.17090582201902751,0.14896308267486527,0.0
1764939719.4055035,1764939722.0115035,0.15365155384830775,0.15313392831113215,0.0
1764939719.6655035,1764939722.6195035,0.05002799216438931,0.07404728219185548,0.0
1764939720.1995034,1764939723.2495034,0.04001499718855345,0.06998571282769123,0.0
1764939720.7855034,1764939723.8415034,0.03922754134533453,0.061139185470530155,0.0
1764939721.4515035,1764939724.4715035,0.028865203966019548,0.0368510515453759,0.0
1764939722.0115035,1764939725.0415034,0.025242820761556675,0.04086563348340514,0.0
1764939722.6195035,1764939725.6055036,0.031196153609057368,0.039179076048321014,0.0
1764939723.2495034,1764939726.1635034,0.028982753492378995,0.03449637662132391,0.0
1764939723.8415034,1764939726.7635036,0.02987975903517243,0.03674234614174945,0.0
1764939724.4715035,1764939727.3935034,0.029879759035172426,0.026551836094703712,0.0
1764939725.0415034,1764939728.1135035,0.06612715024859211,0.053028294334251366,0.0
1764939725.6055036,1764939728.8635035,0.0811221301495538,0.05469917732471153,0.0
1764939726.1635034,1764939729.5035036,0.06346022376261454,0.07364781055810185,0.0
1764939726.7635036,1764939730.0915034,0.06735577183879955,0.07718160402583808,0.0
1764939727.3935034,1764939730.7255034,0.06659429404987062,0.06646051459325819,0.0
1764939728.1135035,1764939731.4575036,0.06920982589199773,0.08137567204024217,0.0
1764939728.8635035,1764939731.9855034,0.07593944956344514,0.1196453091433097,0.0
1764939729.5035036,1764939732.6615036,0.07950597461825641,0.13860375175296358,0.0
1764939730.0915034,1764939733.2535036,0.07896074974314171,0.14312232530250868,0.0
1764939730.7255034,1764939733.9235034,0.080852952945451,0.14029611541306827,0.0
1764939731.4575036,1764939734.5535035,0.06208059278067066,0.09754486147408663,0.0
1764939731.9855034,1764939735.2355034,0.03930903204099347,0.06796322535018855,0.0
1764939732.6615036,1764939735.8015034,0.04991192242340366,0.07831985699680727,0.0
1764939733.2535036,1764939736.4235034,0.04596955514250624,0.07254653678846355,0.0
1764939733.9235034,1764939737.0635035,0.041727688649141184,0.07015696686715703,0.0
1764939734.5535035,1764939737.7015035,0.04191896945297735,0.06478425734697706,0.0
1764939735.2355034,1764939738.2975035,0.030802597293087007,0.0351140997321594,0.0
1764939735.8015034,1764939738.9535034,0.022163032283510724,0.03667424164178137,0.0
1764939736.4235034,1764939739.5215034,0.035653891793189,0.05562373594069546,0.0
1764939737.0635035,1764939740.1255035,0.03389395226290596,0.05842944463197227,0.0
1764939737.7015035,1764939740.8335035,0.05461501625010994,0.07493330367733442,0.0
1764939738.2975035,1764939741.3955035,0.06096884450274116,0.09978977903572177,0.0
1764939738.9535034,1764939741.9895034,0.05826491225428553,0.0912907443282024,0.0
1764939739.5215034,1764939742.5955036,0.054350712966797325,0.08977193325308837,0.0
1764939740.1255035,1764939743.2495034,0.05634536360694668,0.0773757067818923,0.0
1764939740.8335035,1764939743.9215035,0.04477945957690233,0.03004995840261897,0.0
1764939741.3955035,1764939744.4775035,0.04665618930002109,0.06357672530099907,0.0
1764939741.9895034,1764939745.0915034,0.0449533091106673,0.0691158447824951,0.0
1764939742.5955036,1764939745.6855035,0.04616492174800491,0.06579513659837476,0.0
1764939743.2495034,1764939746.2775035,0.042675519914813054,0.06506150935844228,0.0
1764939743.9215035,1764939746.9315035,0.03579385422107566,0.043508619835606034,0.0
1764939744.4775035,1764939747.4735036,0.041158231254514455,0.06601514977639608,0.0
1764939745.0915034,1764939748.1335034,0.049907915203911794,0.08875246475451812,0.0
1764939745.6855035,1764939748.7575035,0.04966689037981676,0.09053728513713306,0.0
1764939746.2775035,1764939749.3135035,0.05613198731561847,0.09164060235508344,0.0
1764939746.9315035,1764939749.9135034,0.04948535136786344,0.07535250493515194,0.0
1764939747.4735036,1764939750.5235035,0.03851233568612227,0.045760244754591936,0.0
1764939748.1335034,1764939751.1295035,0.026359059163784428,0.042083250824997254,0.0
1764939748.7575035,1764939751.7455034,0.024223955085823246,0.023706539182257496,0.0
1764939749.3135035,1764939752.3195035,0.01558204094463379,0.020808652046696755,0.0
1764939749.9135034,1764939753.0355034,0.05395183036747478,0.0738782782690703,0.0
1764939750.5235035,1764939753.5415034,0.07671505719219124,0.12920139318135865,0.0
1764939751.1295035,1764939754.1655035,0.07732270041845028,0.14239733143569078,0.0
1764939751.7455034,1764939754.8135035,0.0794052894963626,0.14141428499273034,0.0
1764939752.3195035,1764939755.3975034,0.07830197954075478,0.1261665565829666,0.0
1764939753.0355034,1764939755.9155035,0.06287447812905034,0.07596709814124229,0.0
1764939753.5415034,1764939756.4975035,0.04901836390578609,0.055964274318520794,0.0
1764939754.1655035,1764939757.1415036,0.053092372333508144,0.06352164985262691,0.0
1764939754.8135035,1764939757.7495034,0.04589989106741025,0.05860887304837433,0.0
1764939755.3975034,1764939758.2875035,0.05084486208064535,0.05917769850205245,0.0
1764939755.9155035,1764939758.9555035,0.051431507852678554,0.0822556988907154,0.0
1764939756.4975035,1764939759.4935036,0.06025612002112278,0.1004888053466638,0.0
1764939757.1415036,1764939760.0895035,0.0547466893976239,0.10313583276436733,0.0
1764939757.7495034,1764939760.7495034,0.06312844050029634,0.10218610473053363,0.0
1764939758.2875035,1764939761.2575035,0.07129656373205771,0.1088209538645852,0.0
1764939758.9555035,1764939761.8795035,0.06153048025165142,0.10360984509203976,0.0
1764939759.4935036,1764939762.5575035,0.06592419889539507,0.1027813212602233,0.0
1764939760.0895035,1764939763.1775036,0.06533911539039727,0.10191663259742283,0.0
1764939760.7495034,1764939763.7755034,0.06132536180080898,0.07004284403135073,0.0
1764939761.2575035,1764939764.4555035,0.03724513391036538,0.0584893152635832,0.0
1764939761.8795035,1764939765.1055036,0.03611094017054823,0.05429548784201294,0.0
1764939762.5575035,1764939765.6515036,0.05102940328868921,0.0690289794216936,0.0
1764939763.1775036,1764939766.2435036,0.05227618960865296,0.07176350047203255,0.0
1764939763.7755034,1764939766.8895035,0.05291502622128853,0.06373382147650203,0.0
1764939764.4555035,1764939767.3815036,0.06645900992341094,0.0978876907481202,0.0
1764939765.1055036,1764939767.9775035,0.057295724098752714,0.09788769074813501,0.0
1764939765.6515036,1764939768.6075034,0.05945418404116371,0.09683491106002452,0.0
1764939766.2435036,1764939769.1775036,0.06025612002112943,0.09829547293747908,0.0
1764939766.8895035,1764939769.8295035,0.06226716630778291,0.07516648189188353,0.0
1764939767.3815036,1764939770.4795034,0.03673145790736399,0.05522680508594732,0.0
1764939767.9775035,1764939771.1815035,0.04777028364998884,0.057887822553636246,0.0
1764939768.6075034,1764939771.7875035,0.050171705173338806,0.06781592733274855,0.0
1764939769.1775036,1764939772.4495034,0.033448467827388334,0.05969924622639184,0.0
1764939769.8295035,1764939773.1395035,0.03711064537299059,0.061546730213711334,0.0
1764939770.4795034,1764939773.8075035,0.03658961601328897,0.0575065213693178,0.0
1764939771.1815035,1764939774.5535035,0.05080157477874616,0.05194227565288783,0.0
1764939771.7875035,1764939775.1615036,0.05080157477874617,0.08287943049998331,0.0
1764939772.4495034,1764939775.7975035,0.053471487729448694,0.08287943049998331,0.0
1764939773.1395035,1764939776.4275036,0.05425126726630692,0.0820609529557235,0.0
1764939773.8075035,1764939777.0115035,0.06299206299209974,0.07556454194926145,0.0
1764939774.5535035,1764939777.6535034,0.02488372962399729,0.04135214625627945,0.0
1764939775.1615036,1764939778.2635036,0.024633310780326278,0.042118879377312145,0.0
1764939775.7975035,1764939778.8155036,0.03645819523784072,0.05048762224546705,0.0
1764939776.4275036,1764939779.4515035,0.037239763694207485,0.060448325038839235,0.0
1764939777.0115035,1764939780.1215036,0.044555583264053206,0.05547972602672622,0.0
1764939777.6535034,1764939780.6835034,0.04932747712988932,0.075531450403123,0.0
1764939778.2635036,1764939781.3335035,0.053001886758866,0.08228000972288729,0.0
1764939778.8155036,1764939782.0615034,0.06015646266194898,0.08178630692235032,0.0
1764939779.4515035,1764939782.6795034,0.06175111335027348,0.09747307320483689,0.0
1764939780.1215036,1764939783.5155034,0.10684568311354209,0.13669308687712295,0.0
1764939780.6835034,1764939784.2215035,0.0849282049733781,0.14557472308062125,0.0
1764939781.3335035,1764939784.8055034,0.09950276378070987,0.15228919856640774,0.0
1764939782.0615034,1764939785.4435034,0.10005598432877592,0.14398611044125212,0.0
1764939782.6795034,1764939786.1235034,0.09453041838477548,0.0954777460982444,0.0
1764939783.5155034,1764939786.6855035,0.06121437739615798,0.09143303560529362,0.0
1764939784.2215035,1764939787.3535035,0.052199616856832935,0.08761278445524114,0.0
1764939784.8055034,1764939787.9035034,0.060524375254940456,0.10237675517421971,0.0
1764939785.4435034,1764939788.4975035,0.06059702963017875,0.10216653072314096,0.0
1764939786.1235034,1764939789.0915034,0.0462731023381895,0.08269824665615477,0.0
1764939786.6855035,1764939789.6815035,0.042881231325611883,0.06270566162637943,0.0
1764939787.3535035,1764939790.3335035,0.036513011379518165,0.038405728739359914,0.0
1764939787.9035034,1764939790.8715036,0.04041286923742159,0.06544463308784405,0.0
1764939788.4975035,1764939791.5275035,0.04875653802313732,0.08744140895482531,0.0
1764939789.0915034,1764939792.2535036,0.07157373820055331,0.0945145491445845,0.0
1764939789.6815035,1764939792.8615034,0.06924738262202587,0.10728000745713838,0.0
1764939790.3335035,1764939793.6195035,0.08906626746417616,0.11847362575696245,0.0
1764939790.8715036,1764939794.1995034,0.0767124500977449,0.13701094846761847,0.0
1764939791.5275035,1764939794.8355036,0.07773802158531656,0.1353403118069303,0.0
1764939792.2535036,1764939795.4515035,0.06983695296903163,0.1217251001231737,0.0
1764939792.8615034,1764939796.1575034,0.07204720674668022,0.1047711792431363,0.0
1764939793.6195035,1764939796.8075035,0.046182247671589266,0.06050619802962058,0.0
1764939794.1995034,1764939797.4955034,0.03661693597230352,0.056745043836441904,0.0
1764939794.8355036,1764939798.0395036,0.063749509802031,0.09112628599914649,0.0
1764939795.4515035,1764939798.7695036,0.07231044184624832,0.12178669878109959,0.0
1764939796.1575034,1764939799.3355036,0.07853152233339455,0.14355835050599028,0.0
1764939796.8075035,1764939800.0215034,0.08163332652784085,0.15391556126657233,0.0
1764939797.4955034,1764939800.5555034,0.08868596281262314,0.15534155915275277,0.0
1764939798.0395036,1764939801.2115035,0.0811738874269448,0.1388056194828174,0.0
1764939798.7695036,1764939801.7435036,0.07058328414009463,0.12816785868541697,0.0
1764939799.3355036,1764939802.3875034,0.07146187794901827,0.1268148256317063,0.0
1764939800.0215034,1764939802.9935036,0.05840205475836699,0.10419692893745375,0.0
1764939800.5555034,1764939803.6015034,0.04796665508453836,0.08521150157107019,0.0
1764939801.2115035,1764939804.1835034,0.04118252056393863,0.060901559914319975,0.0
1764939801.7435036,1764939804.9395034,0.06834325131276155,0.0892692556258824,0.0
1764939802.3875034,1764939805.6295035,0.07198055292924387,0.0930483745156196,0.0
1764939802.9935036,1764939806.2455034,0.0703619215200964,0.09974968671630076,0.0
1764939803.6015034,1764939806.8855035,0.06700746227100543,0.09962429422585821,0.0
1764939804.1835034,1764939807.5195036,0.05603570290448635,0.05044799302252427,0.0
1764939804.9395034,1764939808.2015035,0.031761612049772334,0.04561797891184008,0.0
1764939805.6295035,1764939808.7535036,0.0480208288141659,0.07170076708096237,0.0
1764939806.2455034,1764939809.3615034,0.048485049242004065,0.07640680597955285,0.0
1764939806.8855035,1764939809.9635034,0.04815391988196999,0.07640680597955135,0.0
1764939807.5195036,1764939810.6095035,0.04981164522477601,0.07577598564186677,0.0
1764939808.2015035,1764939811.1555035,0.04211887937729899,0.06233778950201604,0.0
1764939808.7535036,1764939811.8375034,0.05053711507397512,0.08679861750050902,0.0
1764939809.3615034,1764939812.4075034,0.054724765874330325,0.1026791117998233,0.0
1764939809.9635034,1764939813.1055036,0.06659429404986959,0.11824973572909896,0.0
1764939810.6095035,1764939813.8955035,0.0995329091306093,0.11701281981049377,0.0
1764939811.1555035,1764939814.5455034,0.07973205127175376,0.11934822998270161,0.0
1764939811.8375034,1764939815.2475035,0.08055557088123405,0.10930690737553203,0.0
1764939812.4075034,1764939815.9335034,0.052440442408517335,0.08977750274986962,0.0
1764939813.1055036,1764939816.5575035,0.06383416013390683,0.08216446920659719,0.0
1764939813.8955035,1764939817.2995036,0.04544007042248551,0.07123201527403906,0.0
1764939814.5455034,1764939817.8675034,0.0678881432946959,0.10835589508652987,0.0
1764939815.2475035,1764939818.5235035,0.06441117915394141,0.11660188677720461,0.0
1764939815.9335034,1764939819.0655036,0.07851624035828644,0.12672805529953945,0.0
1764939816.5575035,1764939819.6935034,0.07851624035828629,0.12096280420030285,0.0
1764939817.2995036,1764939820.2775035,0.04672472578838367,0.08811923740023195,0.0
1764939817.8675034,1764939820.8575034,0.04529017553509052,0.07635443667526752,0.0
1764939818.5235035,1764939821.3755035,0.04245939236493256,0.05854058421299406,0.0
1764939819.0655036,1764939821.9615035,0.039227541345330796,0.05079370039680366,0.0
1764939819.6935034,1764939822.6155035,0.04815391988197672,0.057236352085018406,0.0
1764939820.2775035,1764939823.1855035,0.04867442860476074,0.07158212067269841,0.0
1764939820.8575034,1764939823.9635034,0.100651875293021,0.12323960402404827,0.0
1764939821.3755035,1764939824.7115035,0.09409569596958753,0.119812353286315,0.0
1764939821.9615035,1764939825.3395035,0.08623920222266049,0.12888366847666552,0.0
1764939822.6155035,1764939826.0555034,0.08679400900984399,0.12888366847666075,0.0
1764939823.1855035,1764939826.6835034,0.06847773360735826,0.08622644605919072,0.0
1764939823.9635034,1764939827.3635035,0.05224174575949138,0.08862843787407315,0.0
1764939824.7115035,1764939827.9875035,0.04077744474583732,0.07221495689952467,0.0
1764939825.3395035,1764939828.5075035,0.07362879871355425,0.07724635913751876,0.0
1764939826.0555034,1764939829.1755035,0.06271522941041531,0.09719567891631332,0.0
1764939826.6835034,1764939829.8735034,0.0712825364307506,0.09501052573269292,0.0
1764939827.3635035,1764939830.5515034,0.07070219232811285,0.09114274518579532,0.0
1764939827.9875035,1764939831.1615036,0.07151223671513668,0.08243178998421781,0.0
1764939828.5075035,1764939831.9655035,0.07031927189611768,0.10335376142164249,0.0
1764939829.1755035,1764939832.6315036,0.07031927189611768,0.1226784414638584,0.0
1764939829.8735034,1764939833.3595035,0.07216647421067562,0.12581335382224534,0.0
1764939830.5515034,1764939834.0735035,0.07153181110527339,0.12155657119218322,0.0
1764939831.1615036,1764939834.6095035,0.09836259451642176,0.11610770861576945,0.0
1764939831.9655035,1764939835.2935035,0.07591574276790367,0.11910499569710704,0.0
1764939832.6315036,1764939835.8875034,0.0821997566906545,0.12337746958018227,0.0
1764939833.3595035,1764939836.5075035,0.07076157149189786,0.1238143771942862,0.0
1764939834.0735035,1764939837.1155035,0.05233354564714293,0.08622064717922336,0.0
1764939834.6095035,1764939837.7315035,0.03410571799567529,0.045978255730300885,0.0
1764939835.2935035,1764939838.3835034,0.021475567512869394,0.023216373532479906,0.0
1764939835.8875034,1764939838.9335034,0.03686190445431934,0.05473572873360115,0.0
1764939836.5075035,1764939839.5535035,0.03686190445431934,0.06424173098537943,0.0
1764939837.1155035,1764939840.1715035,0.03710525569241307,0.06417164482852108,0.0
1764939837.7315035,1764939840.7975035,0.03761382724477121,0.06136774397025099,0.0
1764939838.3835034,1764939841.4235034,0.032174524083498066,0.034146742157920164,0.0
1764939838.9335034,1764939842.0455034,0.003633180424915563,0.004358898943535405,0.0
1764939839.5535035,1764939842.6455035,0.010334408546212542,0.010908712114638298,0.0
1764939840.1715035,1764939843.3035035,0.020851858430372263,0.030838287890228012,0.0
1764939840.7975035,1764939843.8355036,0.04772001676445823,0.07103520254072306,0.0
1764939841.4235034,1764939844.4755034,0.04950555524383271,0.08978864070694477,0.0
1764939842.0455034,1764939845.0695035,0.04961854492022175,0.09240129869217249,0.0
1764939842.6455035,1764939845.6075034,0.057920635355636595,0.09179324593890494,0.0
1764939843.3035035,1764939846.2515035,0.0536171614317723,0.08386894538505625,0.0
1764939843.8355036,1764939847.0135036,0.08285650246058332,0.08722958213817676,0.0
1764939844.4755034,1764939847.6455035,0.08280821215314768,0.10610372283762298,0.0
1764939845.0695035,1764939848.3835034,0.08965489389878223,0.11503477735017559,0.0
1764939845.6075034,1764939849.1875036,0.07547979862188542,0.10809717850157671,0.0
1764939846.2515035,1764939849.9495034,0.06452286416458278,0.09256889326336043,0.0
1764939847.0135036,1764939850.6875036,0.06322024992042623,0.0669925368977909,0.0
1764939847.6455035,1764939851.4255035,0.029312113536897187,0.04224926034855177,0.0
1764939848.3835034,1764939852.0935035,0.049971992155597104,0.04387482193695309,0.0
1764939849.1875036,1764939852.7375035,0.050608299714570815,0.03952214569073428,0.0
1764939849.9495034,1764939853.3175035,0.06658227992491196,0.04941659640240796,0.0
1764939850.6875036,1764939853.9635034,0.0567344692404869,0.05886425061103084,0.0
1764939851.4255035,1764939854.5875034,0.03244687966507752,0.04763402145525057,0.0
1764939852.0935035,1764939855.2815034,0.04043760625951805,0.057480431452792274,0.0
1764939852.7375035,1764939855.9155035,0.040239284287868625,0.05586591089385436,0.0
1764939853.3175035,1764939856.5475035,0.027371518043400045,0.04583666654546706,0.0
1764939853.9635034,1764939857.2415035,0.03505994865939381,0.05499999999999184,0.0
1764939854.5875034,1764939857.9495034,0.03669877382147713,0.043794976880906784,0.0
1764939855.2815034,1764939858.6655035,0.04084115571332234,0.03295451410655734,0.0
1764939855.9155035,1764939859.4715035,0.06303015151496681,0.056550862062381836,0.0
1764939856.5475035,1764939860.2315035,0.045869379764722246,0.05244044240849186,0.0
1764939857.2415035,1764939860.9795034,0.03940558336072734,0.05231634543809637,0.0
1764939857.9495034,1764939861.6775036,0.04200952272997436,0.057480431452785356,0.0
1764939858.6655035,1764939862.2655034,0.08279613517549304,0.0649076266704976,0.0
1764939859.4715035,1764939862.9715035,0.06715057706378609,0.08367197858301886,0.0
1764939860.2315035,1764939863.5295036,0.08117388742692142,0.1108783116754486,0.0
1764939860.9795034,1764939864.1475034,0.06558353451895901,0.11206694427884463,0.0
1764939861.6775036,1764939864.7535036,0.054724765874330325,0.09777013859047146,0.0
1764939862.2655034,1764939865.4295034,0.057782350246433155,0.08573797291750147,0.0
1764939862.9715035,1764939866.0655036,0.04244997055359345,0.04881598098986035,0.0
1764939863.5295036,1764939866.6995034,0.026023066690935223,0.03931920650270733,0.0
1764939864.1475034,1764939867.5795035,0.11134989896717577,0.12998846102635958,0.0
1764939864.7535036,1764939868.4515035,0.12582050707257644,0.12556273332482049,0.0
1764939865.4295034,1764939869.2895036,0.12621093455007212,0.12514391715140777,0.0
1764939866.0655036,1764939870.1075034,0.10119881422230088,0.1256105091144806,0.0
1764939866.6995034,1764939870.8695035,0.04725674555024116,0.03363034344159287,0.0
1764939867.5795035,1764939871.4695034,0.10742066840231075,0.08848728722250723,0.0
1764939868.4515035,1764939872.1095035,0.10677640188730766,0.08952653238006156,0.0
1764939869.2895036,1764939872.7455034,0.09375499986666157,0.08889881888977826,0.0
1764939870.1075034,1764939873.4155035,0.0620902568846323,0.08659099260314743,0.0
1764939870.8695035,1764939873.9835036,0.040259160448286986,0.05897457079116008,0.0
1764939871.4695034,1764939874.7295034,0.06523189403965134,0.10553198567260416,0.0
1764939872.1095035,1764939875.3575034,0.06596362634058077,0.12086769626330753,0.0
1764939872.7455034,1764939876.1435034,0.08798408947076303,0.14272000560536413,0.0
1764939873.4155035,1764939876.9355035,0.10046491925044206,0.1329435970627879,0.0
1764939873.9835036,1764939877.6795034,0.06522882798269888,0.1005136806608474,0.0
1764939874.7295034,1764939878.4175036,0.06509070594175963,0.08147392220824165,0.0
1764939875.3575034,1764939879.1435034,0.029086079144484422,0.02406241883100154,0.0
1764939876.1435034,1764939879.8635035,0.028163806560885553,0.02420743687379041,0.0
1764939876.9355035,1764939880.4115036,0.0824305768510724,0.08533463540674083,0.0
1764939877.6795034,1764939881.0975034,0.077647923346345,0.10966767983321081,0.0
1764939878.4175036,1764939881.7955034,0.07269938101524939,0.1096676798332121,0.0
1764939879.1435034,1764939882.3515034,0.08193411987689597,0.13004230081017104,0.0
1764939879.8635035,1764939882.9395034,0.07143388551661292,0.09955400544429192,0.0
1764939880.4115036,1764939883.5495036,0.06175111335029498,0.07275987905434585,0.0
1764939881.0975034,1764939884.1395035,0.053227812278931703,0.07341661937192474,0.0
1764939881.7955034,1764939884.7315035,0.019462785001117335,0.02222611077086984,0.0
1764939882.3515034,1764939885.3295035,0.00965401470889612,0.01667333200049165,0.0
1764939882.9395034,1764939885.9315035,0.008414273587167129,0.011618950038592113,0.0
1764939883.5495036,1764939886.5295036,0.005019960159208041,0.0038729833462112333,0.0
1764939884.1395035,1764939887.1735034,0.020346989949372386,0.022248595461280805,0.0
1764939884.7315035,1764939887.7675035,0.02001999000998203,0.032588341473595774,0.0
1764939885.3295035,1764939888.3655035,0.02001999000998799,0.03263433774415527,0.0
1764939885.9315035,1764939888.9375036,0.026015380066399377,0.03549647869857342,0.0
1764939886.5295036,1764939889.5915034,0.03516816742452142,0.050398412673380924,0.0
1764939887.1735034,1764939890.1995034,0.030802597293072793,0.050398412673380924,0.0
1764939887.7675035,1764939890.8775034,0.04385430423572047,0.061903150162141,0.0
1764939888.3655035,1764939891.4995034,0.04200952272995406,0.06691038783326306,0.0
1764939888.9375036,1764939892.0475035,0.049731277884243384,0.06331666447310715,0.0
1764939889.5915034,1764939892.6495035,0.04648870830642634,0.06451356446515161,0.0
1764939890.1995034,1764939893.2555034,0.04654889902027785,0.053544374120902606,0.0
1764939890.8775034,1764939893.9115036,0.038987177379238305,0.05198076567346752,0.0
1764939891.4995034,1764939894.5035036,0.03860051813123633,0.04994997497495855,0.0
1764939892.0475035,1764939895.0455034,0.04065956222096732,0.04839421453026287,0.0
1764939892.6495035,1764939895.6595035,0.0412456058265722,0.060307545133285276,0.0
1764939893.2555034,1764939896.2615035,0.041216501549755674,0.05486346689740965,0.0
1764939893.9115036,1764939896.8755035,0.029732137494657574,0.04438468204239485,0.0
1764939894.5035036,1764939897.5675035,0.0527636238331023,0.053272882407485234,0.0
1764939895.0455034,1764939898.2335036,0.03897691624538522,0.04106093033529094,0.0
1764939895.6595035,1764939898.8495035,0.03897691624539353,0.04809365862564099,0.0
1764939896.2615035,1764939899.5175035,0.03453693674893344,0.05470831746636015,0.0
1764939896.8755035,1764939900.1795034,0.027928480087547083,0.03947150871199964,0.0
1764939897.5675035,1764939900.8215034,0.023021728866445195,0.039179076048328806,0.0
1764939898.2335036,1764939901.5015035,0.025589060162501134,0.034928498393136165,0.0
1764939898.8495035,1764939902.1215036,0.023383755044892787,0.03649657518176578,0.0
1764939899.5175035,1764939902.7215035,0.03133687923199022,0.03772267222770124,0.0
1764939900.1795034,1764939903.3095036,0.03607214992207175,0.036755951898964266,0.0
1764939900.8215034,1764939903.8315034,0.056473002399378455,0.044877611344639676,0.0
1764939901.5015035,1764939904.3995035,0.037218275080934636,0.041255302689479384,0.0
1764939902.1215036,1764939904.9835036,0.029979993328887077,0.040632499307828036,0.0
1764939902.7215035,1764939905.5555034,0.025651510676775218,0.040336088060212445,0.0
1764939903.3095036,1764939906.1655035,0.031221787264657543,0.030446674695268943,0.0
1764939903.8315034,1764939906.9155035,0.07651143705355223,0.07374957626999258,0.0
1764939904.3995035,1764939907.8135035,0.1396381036823434,0.10353260356044411,0.0
1764939904.9835036,1764939908.4795034,0.1293321305786143,0.15465768652092898,0.0
1764939905.5555034,1764939909.1775036,0.10938555663342427,0.1543372929657877,0.0
1764939906.1655035,1764939909.9215035,0.08849180753041833,0.13912224840047083,0.0
1764939906.9155035,1764939910.5795035,0.09806528437729871,0.12634080892569785,0.0
1764939907.8135035,1764939911.3675034,0.055425625842201044,0.08421995013058327,0.0
1764939908.4795034,1764939912.0035036,0.06309358129001028,0.11312382596074626,0.0
1764939909.1775036,1764939912.6655035,0.06588778338963629,0.11143159336560711,0.0
1764939909.9215035,1764939913.3315034,0.06109991816688863,0.10238163897886937,0.0
1764939910.5795035,1764939913.9355035,0.07013415715611845,0.08382123835876905,0.0
1764939911.3675034,1764939914.5775034,0.02443767583054498,0.03769615364989985,0.0
1764939912.0035036,1764939915.2475035,0.027092434368270624,0.03807886552929088,0.0
1764939912.6655035,1764939915.8915036,0.02593838853898357,0.04022437072222115,0.0
1764939913.3315034,1764939916.5955036,0.036523964735490876,0.03948417404482152,0.0
1764939913.9355035,1764939917.1555035,0.05269914610313972,0.079221209281369,0.0
1764939914.5775034,1764939917.8355036,0.05481970448661814,0.09763196197968023,0.0
1764939915.2475035,1764939918.4035034,0.06408431945490392,0.11130139262380537,0.0
1764939915.8915036,1764939919.1235034,0.07601841882068541,0.13161686821981336,0.0
1764939916.5955036,1764939919.7255034,0.07059178422449038,0.12602380727461326,0.0
1764939917.1555035,1764939920.4115036,0.0636458953900117,0.1193733638630799,0.0
1764939917.8355036,1764939921.1175034,0.06741513183252337,0.10632967600811123,0.0
1764939918.4035034,1764939921.8075035,0.04666904755829624,0.07469270379357879,0.0
1764939919.1235034,1764939922.5475035,0.05101764400674617,0.0505470078243854,0.0
1764939919.7255034,1764939923.1515036,0.0493842080021604,0.07207634840917894,0.0
1764939920.4115036,1764939923.7995036,0.052218770571513765,0.07453187237686786,0.0
1764939921.1175034,1764939924.4955034,0.051275725250849086,0.07830070242342614,0.0
1764939921.8075035,1764939925.1335034,0.05293392107147533,0.08034301463104096,0.0
1764939922.5475035,1764939925.7275035,0.04026412795530565,0.04906118628816597,0.0
1764939923.1515036,1764939926.3955035,0.03772002120891431,0.057113921245188486,0.0
1764939923.7995036,1764939927.0835035,0.04173727350943929,0.052516664022021035,0.0
1764939924.4955034,1764939927.7815034,0.042223216362574506,0.04339354790749122,0.0
1764939925.1335034,1764939928.4115036,0.0433266661537747,0.05164300533470201,0.0
1764939925.7275035,1764939929.0575035,0.028934408582175775,0.03810511776651823,0.0
1764939926.3955035,1764939929.7655034,0.03425200724045923,0.04723346271447565,0.0
1764939927.0835035,1764939930.4535034,0.03425200724045309,0.04782258880487706,0.0
1764939927.7815034,1764939931.0435035,0.047214404581649404,0.05968249324549777,0.0
1764939928.4115036,1764939931.7335036,0.047736778274190414,0.07798717843336411,0.0
1764939929.0575035,1764939932.3655035,0.049707142343927396,0.07798717843336411,0.0
1764939929.7655034,1764939932.9935036,0.04369439323299057,0.07747257579296767,0.0
1764939930.4535034,1764939933.5595036,0.04802082881416028,0.06727555276619948,0.0
1764939931.0435035,1764939934.1275034,0.05201922721455632,0.0439203825119826,0.0
1764939931.7335036,1764939934.7735035,0.038277930978567166,0.05049752469181062,0.0
1764939932.3655035,1764939935.4035034,0.03798947222586615,0.05128352561983502,0.0
1764939932.9935036,1764939936.0815034,0.04973127788424395,0.04723346271449611,0.0
1764939933.5595036,1764939936.6515036,0.04869086156560458,0.07247068372799115,0.0
1764939934.1275034,1764939937.2935035,0.04038316480912038,0.07141428428544076,0.0
1764939934.7735035,1764939937.9675035,0.04407720499306882,0.07241546796094003,0.0
1764939935.4035034,1764939938.6755035,0.05328039038896121,0.07030647196382883,0.0
1764939936.0815034,1764939939.2595034,0.05881496408227949,0.07590783885737916,0.0
1764939936.6515036,1764939939.8995035,0.0458388481530583,0.07156814934031905,0.0
1764939937.2935035,1764939940.5455034,0.045725266538306636,0.07009279563548214,0.0
1764939937.9675035,1764939941.1815035,0.04420407221058607,0.06800735254366343,0.0
1764939938.6755035,1764939941.8215034,0.025195237645231378,0.02810693864511213,0.0
1764939939.2595034,1764939942.5335035,0.03182451884947945,0.03586084215409652,0.0
1764939939.8995035,1764939943.1375034,0.038848423391451045,0.06386704940737478,0.0
1764939940.5455034,1764939943.8655035,0.052509046839580104,0.08811356308767254,0.0
1764939941.1815035,1764939944.4635034,0.05945418404116796,0.10886229834063045,0.0
1764939941.8215034,1764939945.1475034,0.0598230724720865,0.1116915395184469,0.0
1764939942.5335035,1764939945.7295034,0.0632044302244554,0.11122050170716874,0.0
1764939943.1375034,1764939946.3655035,0.060408608658020474,0.09712363255146196,0.0
1764939943.8655035,1764939947.0075035,0.04045738498714094,0.07308214556232145,0.0
1764939944.4635034,1764939947.6635034,0.038094619042565475,0.059632206063455304,0.0
1764939945.1475034,1764939948.2895036,0.028761084819576087,0.033286633954154154,0.0
1764939945.7295034,1764939948.9535034,0.015999999999994685,0.026907248094132245,0.0
1764939946.3655035,1764939949.6155035,0.016589153082657095,0.026907248094130132,0.0
1764939947.0075035,1764939950.2055035,0.03154679064501793,0.04341658669219246,0.0
1764939947.6635034,1764939950.8015034,0.03462946722085902,0.040472212689708895,0.0
1764939948.2895036,1764939951.4175036,0.035116947475552364,0.036318039594690564,0.0
1764939948.9535034,1764939952.0575035,0.029631064780080655,0.0385227205685484,0.0
1764939949.6155035,1764939952.5995035,0.03685105154540135,0.052526183946720234,0.0
1764939950.2055035,1764939953.2575035,0.04559385923567141,0.07893668348751208,0.0
1764939950.8015034,1764939953.8675034,0.04497554891273958,0.0820121942152992,0.0
1764939951.4175036,1764939954.4515035,0.04692547282662627,0.08217663901625183,0.0
1764939952.0575035,1764939955.1855035,0.07461367166947869,0.1001448950271674,0.0
1764939952.5995035,1764939955.8235035,0.05779273310719175,0.09459915433024327,0.0
1764939953.2575035,1764939956.4295034,0.05930261377038221,0.09272540105061602,0.0
1764939953.8675034,1764939957.0055034,0.06481357882418574,0.09304837451560892,0.0
1764939954.4515035,1764939957.3095036,0.16071465396784027,0.1452824834589609,0.0
1764939955.1855035,1764939957.6175034,0.16541704869814677,0.1367845020461215,0.0
1764939955.8235035,1764939958.1675036,0.14958208448876317,0.18200549442257843,0.0
1764939956.4295034,1764939958.9595034,0.20446319962283424,0.21741665069632687,0.0
1764939957.0055034,1764939959.5455034,0.205540263695479,0.1986177232776677,0.0
1764939957.3095036,1764939960.1815035,0.17444999283462825,0.20005249311119025,0.0
1764939957.6175034,1764939960.8035035,0.09193911028501804,0.15942396306703777,0.0
1764939958.1675036,1764939961.4095035,0.08187307249640444,0.10534229919647374,0.0
1764939958.9595034,1764939962.0115035,0.018676188047868348,0.02634387974461157,0.0
1764939959.5455034,1764939962.6115034,0.014926486525626769,0.010908712114633089,0.0
1764939960.1815035,1764939963.2515035,0.01640731544161301,0.021071307505742695,0.0
1764939960.8035035,1764939963.7995036,0.0322304204130292,0.04886716689151049,0.0
1764939961.4095035,1764939964.3675034,0.034945672121181194,0.04967896939352241,0.0
1764939962.0115035,1764939965.0055034,0.041012193308840254,0.06134329629229762,0.0
1764939962.6115034,1764939965.6975036,0.058240879114254816,0.06385922016437716,0.0
1764939963.2515035,1764939966.3275034,0.05759166606377039,0.05434151267678357,0.0
1764939963.7995036,1764939967.0475035,0.058760530971048296,0.06933974329343713,0.0
1764939964.3675034,1764939967.7015035,0.03709447398196379,0.0673498329619048,0.0
1764939965.0055034,1764939968.3975034,0.03516816742452739,0.06558200972826346,0.0
1764939965.6975036,1764939968.9275036,0.07403512679801455,0.10225947388872343,0.0
1764939966.3275034,1764939969.6355035,0.0781357792563517,0.12892245731444746,0.0
1764939967.0475035,1764939970.1675036,0.08830175536192529,0.15335579545615927,0.0
1764939967.7015035,1764939970.8375034,0.08997110647311388,0.16726326554263432,0.0
1764939968.3975034,1764939971.4575036,0.08122314940948355,0.14695917800526898,0.0
1764939968.9275036,1764939972.1275034,0.06892894892566563,0.11905040949106128,0.0
1764939969.6355035,1764939973.0055034,0.12718175969847814,0.12984991336152849,0.0
1764939970.1675036,1764939973.8595035,0.1184770019877384,0.10991815136728747,0.0
1764939970.8375034,1764939974.7035034,0.11891173196955859,0.10696728471828598,0.0
1764939971.4575036,1764939975.4355035,0.08922555687693226,0.11743508845315329,0.0
1764939972.1275034,1764939976.1495035,0.0754532968133271,0.0572887423495973,0.0
1764939973.0055034,1764939976.8835034,0.06750703667025412,0.057288742349591845,0.0
1764939973.8595035,1764939977.5655036,0.061008196170671256,0.06304760106457027,0.0
1764939974.7035034,1764939978.2015035,0.04126984371183423,0.037868192457512405,0.0
1764939975.4355035,1764939978.9015036,0.03701351104662595,0.04790615826798698,0.0
1764939976.1495035,1764939979.5595036,0.03759255245389145,0.0507346035758316,0.0
1764939976.8835034,1764939980.3395035,0.05442425929672689,0.07379024325745484,0.0
1764939977.5655036,1764939980.9355035,0.06923294013688212,0.11507388930591968,0.0
1764939978.2015035,1764939981.5855036,0.06761656601748689,0.11406138698084148,0.0
1764939978.9015036,1764939982.2175035,0.06891153749552813,0.11273863579090528,0.0
1764939979.5595036,1764939982.8755035,0.06891153749552813,0.09646761114486979,0.0
1764939980.3395035,1764939983.5235035,0.024576411454891874,0.0325729949498328,0.0
1764939980.9355035,1764939984.2535036,0.038925570002259206,0.045782092569076956,0.0
1764939981.5855036,1764939985.1075034,0.0915598165135745,0.07561084578286727,0.0
1764939982.2175035,1764939985.7235036,0.0945240710083809,0.1394453297891054,0.0
1764939982.8755035,1764939986.4055035,0.09254836573380261,0.1429440449966031,0.0
1764939983.5235035,1764939987.1015034,0.08715044463453146,0.13686855007629792,0.0
1764939984.2535036,1764939987.8175035,0.08674560507597133,0.12285357137662274,0.0
1764939985.1075034,1764939988.3915036,0.05887274411812383,0.07790378681423563,0.0
1764939985.7235036,1764939989.0475035,0.05472476587431869,0.08151686941976104,0.0
1764939986.4055035,1764939989.6935034,0.054288120247424104,0.08122191822407666,0.0
1764939987.1015034,1764939990.3775034,0.05207686626515502,0.08270429251252522,0.0
1764939987.8175035,1764939991.0875034,0.0509431055197846,0.04621688003315851,0.0
1764939988.3915036,1764939991.8015034,0.03116408188925627,0.023237900077242937,0.0
1764939989.0475035,1764939992.5675035,0.043533894840691895,0.033896902513360805,0.0
1764939989.6935034,1764939993.2255034,0.04036334971235784,0.06116371473352951,0.0
1764939990.3775034,1764939993.8835034,0.04497554891272909,0.05954829972386756,0.0
1764939991.0875034,1764939994.5455034,0.04746788387952938,0.05954829972386852,0.0
1764939991.8015034,1764939995.2415035,0.045838848153071814,0.056364882684187344,0.0
1764939992.5675035,1764939995.8695035,0.023469128658703053,0.03674234614169569,0.0
1764939993.2255034,1764939996.4655035,0.03783120405167075,0.04047221268965833,0.0
1764939993.8835034,1764939997.1155035,0.037427262790632194,0.0491731634125407,0.0
1764939994.5455034,1764939997.8315034,0.04866210024237397,0.05644466316666536,0.0
1764939995.2415035,1764939998.4035034,0.05501636120282482,0.08448668534154213,0.0
1764939995.8695035,1764939999.0255034,0.05526300751858986,0.08616843969807024,0.0
1764939996.4655035,1764939999.6815035,0.05202691611079555,0.08345657553482806,0.0
1764939997.1155035,1764940000.3695035,0.056035702904483814,0.07872102641606939,0.0
1764939997.8315034,1764940001.1115034,0.06408744026718496,0.042801869118069234,0.0
1764939998.4035034,1764940001.8155036,0.04583448483402097,0.03974921382870747,0.0
1764939999.0255034,1764940002.4835036,0.0332746149489401,0.04021193852577232,0.0
1764939999.6815035,1764940003.1435034,0.032261432082299646,0.03701351104665514,0.0
1764940000.3695035,1764940003.8015034,0.036099861495588415,0.0264196896272504,0.0
1764940001.1115034,1764940004.4895034,0.02047437422731715,0.025099800796020953,0.0
1764940001.8155036,1764940005.0915034,0.03261901286058603,0.04695742752747648,0.0
1764940002.4835036,1764940005.7335036,0.03217452408348994,0.05135172830584728,0.0
1764940003.1435034,1764940006.3855035,0.03164174457894676,0.05146843692980956,0.0
1764940003.8015034,1764940007.0235035,0.03141337294846606,0.04928488612139032,0.0
1764940004.4895034,1764940007.6775036,0.021522081683697583,0.02360084744241379,0.0
1764940005.0915034,1764940008.3195035,0.006870225614940841,0.012845232578693274,0.0
1764940005.7335036,1764940009.0235035,0.027003703449719706,0.034249087579105726,0.0
1764940006.3855035,1764940009.8255036,0.06847773360736802,0.058660037504259105,0.0
1764940007.0235035,1764940010.4035034,0.08297710527610816,0.12529165973840803,0.0
1764940007.6775036,1764940011.0415034,0.08450325437521228,0.12841339493996093,0.0
1764940008.3195035,1764940011.6735034,0.08532291603081517,0.124378454725912,0.0
1764940009.0235035,1764940012.3735034,0.08476555904375968,0.11939430472181121,0.0
1764940009.8255036,1764940012.9615035,0.047610923116440086,0.07042016756582055,0.0
1764940010.4035034,1764940013.5575035,0.04354308211414112,0.06429618962268863,0.0
1764940011.0415034,1764940014.2215035,0.045926027478962725,0.07224264668459925,0.0
1764940011.6735034,1764940014.9055035,0.05066359639819339,0.06519969325079086,0.0
1764940012.3735034,1764940015.6215036,0.05511079749014245,0.0380919939094712,0.0
1764940012.9615035,1764940016.3895035,0.06360188676445776,0.04651881339843648,0.0
1764940013.5575035,1764940017.1455035,0.04497554891271291,0.033526109228466716,0.0
1764940014.2215035,1764940017.8195035,0.04153552696186356,0.05101960407529823,0.0
1764940014.9055035,1764940018.5215034,0.03870400496073142,0.05046781152378943,0.0
1764940015.6215036,1764940019.1075034,0.07271038440277343,0.07118286310622854,0.0
1764940016.3895035,1764940019.6995034,0.07246516404451811,0.07086607086610938,0.0
1764940017.1455035,1764940020.3435035,0.05044997522296883,0.06442825467136362,0.0
1764940017.8195035,1764940020.9375036,0.04946513923966156,0.06824954212299521,0.0
1764940018.5215034,1764940021.5275035,0.024470390270693615,0.03754996671103557,0.0
1764940019.1075034,1764940022.1755035,0.03035127674416021,0.047402531577978815,0.0
1764940019.6995034,1764940022.8115034,0.028404225037854836,0.039585350825805006,0.0
1764940020.3435035,1764940023.3975034,0.02880972058180294,0.038301436004449296,0.0
1764940020.9375036,1764940024.0335035,0.02836899716242469,0.04518849411082785,0.0
1764940021.5275035,1764940024.7155035,0.034513765369799734,0.04215447781675073,0.0
1764940022.1755035,1764940025.4475036,0.05472842040477815,0.04800000000003024,0.0
1764940022.8115034,1764940026.0215034,0.06550725150701871,0.08838551917597356,0.0
1764940023.3975034,1764940026.7095034,0.05942390091539751,0.10184301645183857,0.0
1764940024.0335035,1764940027.4075034,0.05899152481503394,0.09915644204997011,0.0
1764940024.7155035,1764940028.1615036,0.06931666466300446,0.10019980039905349,0.0
1764940025.4475036,1764940028.8195035,0.06603635362437042,0.07973079706114765,0.0
1764940026.0215034,1764940029.4195035,0.05657914810247607,0.0632850693292071,0.0
1764940026.7095034,1764940030.1255035,0.05771308343869638,0.08168843247366828,0.0
1764940027.4075034,1764940030.7055035,0.0720777358135139,0.09865596788844255,0.0
1764940028.1615036,1764940031.4035034,0.055742264037283495,0.10342146779081804,0.0
1764940028.8195035,1764940031.9835036,0.0626737584639895,0.11522152576670969,0.0
1764940029.4195035,1764940032.6355035,0.06023288138551962,0.108613995414993,0.0
1764940030.1255035,1764940033.2575035,0.04930314391600345,0.09027181176872286,0.0
1764940030.7055035,1764940034.0155034,0.06792054181176058,0.09630160954008019,0.0
1764940031.4035034,1764940034.5435035,0.0854470596334628,0.13749909090614046,0.0
1764940031.9835036,1764940035.2035034,0.08181197956292535,0.14844864431855687,0.0
1764940032.6355035,1764940035.7855034,0.08622760578842839,0.15310453944941663,0.0
1764940033.2575035,1764940036.4315035,0.086394444265847,0.14156623891314696,0.0
1764940034.0155034,1764940037.0195036,0.05360970061474408,0.08913472948299561,0.0
1764940034.5435035,1764940037.7215035,0.05162557505733436,0.08338465086574316,0.0
1764940035.2035034,1764940038.2635036,0.06350747987443335,0.10915127117905243,0.0
1764940035.7855034,1764940038.9035034,0.06188053005592102,0.11543396380617796,0.0
1764940036.4315035,1764940039.5615034,0.06322341338460674,0.11183022847157728,0.0
1764940037.0195036,1764940040.2255034,0.06052107071096619,0.09563472172807409,0.0
1764940037.7215035,1764940040.9155035,0.05763679380397358,0.0527351874937679,0.0
1764940038.2635036,1764940041.5575035,0.02054263858416846,0.030099833886570858,0.0
1764940038.9035034,1764940042.1975036,0.02054263858418091,0.028722813232688757,0.0
1764940039.5615034,1764940042.8375034,0.022405356502408505,0.028670542373658042,0.0
1764940040.2255034,1764940043.4715035,0.02338375504489789,0.025099800796027746,0.0
1764940040.9155035,1764940044.1695035,0.02605379051115433,0.03108054053581751,0.0
1764940041.5575035,1764940044.7875035,0.029685013053713266,0.049869830559142694,0.0
1764940042.1975036,1764940045.3455036,0.04938825771374663,0.05818934610388501,0.0
1764940042.8375034,1764940045.9775035,0.049144684351405385,0.06839590631023013,0.0
1764940043.4715035,1764940046.6835034,0.06080131577523728,0.07184010022264725,0.0
1764940044.1695035,1764940047.2855034,0.054118388741727114,0.0803056660516598,0.0
1764940044.7875035,1764940048.0095034,0.07030504960527349,0.09691749068149969,0.0
1764940045.3455036,1764940048.7415035,0.059143892330482416,0.09003332716277106,0.0
1764940045.9775035,1764940049.4835036,0.057609027070401546,0.0818413098624246,0.0
1764940046.6835034,1764940050.1235034,0.06366474691693463,0.08119729059515442,0.0
1764940047.2855034,1764940050.7955034,0.044330576355364006,0.05511805511803647,0.0
1764940048.0095034,1764940051.4595034,0.04473477394599118,0.055181518645237966,0.0
1764940048.7415035,1764940052.0555034,0.054092513345176514,0.06506919393995014,0.0
1764940049.4835036,1764940052.7295034,0.03362736980496638,0.055946402922799406,0.0
1764940050.1235034,1764940053.4175036,0.03663331816802721,0.05363767332762473,0.0
1764940050.7955034,1764940053.9995034,0.04829078587060135,0.07459892760623493,0.0
1764940051.4595034,1764940054.7175035,0.05913374671032342,0.0939627585802029,0.0
1764940052.0555034,1764940055.3295035,0.055263007518592436,0.09966443698731799,0.0
1764940052.7295034,1764940056.0195036,0.05686123459791798,0.10649413129369187,0.0
1764940053.4175036,1764940056.8115034,0.08383316766052745,0.10649413129369188,0.0
1764940053.9995034,1764940057.5135036,0.0644111791539159,0.09469952481398089,0.0
1764940054.7175035,1764940058.2795036,0.07077287616026798,0.0857496355676911,0.0
1764940055.3295035,1764940059.0255034,0.04381780460039354,0.07765307463322005,0.0
1764940056.0195036,1764940059.6995034,0.04805413613830401,0.06746109990205447,0.0
1764940056.8115034,1764940060.3655035,0.044167861619053894,0.04959838707053137,0.0
1764940057.5135036,1764940060.9615035,0.06792054181173388,0.05026927491023148,0.0
1764940058.2795036,1764940061.6055036,0.053870214404631245,0.05417564028233511,0.0
1764940059.0255034,1764940062.3435035,0.05166430102110909,0.06335613624582385,0.0
1764940059.6995034,1764940062.9615035,0.0546150162501024,0.08711486669906753,0.0
1764940060.3655035,1764940063.5315034,0.06504460008332778,0.08401190391842435,0.0
1764940060.9615035,1764940064.1795034,0.06184820126729528,0.0901609671642785,0.0
1764940061.6055036,1764940064.8395035,0.06220932405998278,0.0764852927038798,0.0
1764940062.3435035,1764940065.6835034,0.10484846207741558,0.10439827584782864,0.0
1764940062.9615035,1764940066.4355035,0.10597546885954807,0.11172734669720451,0.0
1764940063.5315034,1764940067.2275035,0.0848457423799293,0.10641428475537766,0.0
1764940064.1795034,1764940067.9155035,0.07596051605933415,0.11877710217041451,0.0
1764940064.8395035,1764940068.6475034,0.06007661774767802,0.07738216848863959,0.0
1764940065.6835034,1764940069.3435035,0.043234245685592226,0.0643428317686265,0.0
1764940066.4355035,1764940069.9435034,0.07020826162212643,0.0768635154023168,0.0
1764940067.2275035,1764940070.5755036,0.052828022866651864,0.05765414122159013,0.0
1764940067.9155035,1764940071.1955035,0.055508557898756826,0.05310367218938708,0.0
1764940068.6475034,1764940071.8215034,0.035592133962415715,0.04962862077467517,0.0
1764940069.3435035,1764940072.4415035,0.011278297743883158,0.016062378404190156,0.0
1764940069.9435034,1764940073.0795035,0.007668115805085219,0.010677078252034377,0.0
1764940070.5755036,1764940073.7955034,0.040264127955291384,0.03915354390088821,0.0
1764940071.1955035,1764940074.3975034,0.043529300476812145,0.06830080526611787,0.0
1764940071.8215034,1764940075.0715034,0.04451067287741864,0.07672027111527945,0.0
1764940072.4415035,1764940075.7855034,0.04874423042781877,0.07903163923392426,0.0
1764940073.0795035,1764940076.3715036,0.0613938107629806,0.09501052573269023,0.0
1764940073.7955034,1764940077.0375035,0.05354250647850448,0.087017239671232,0.0
1764940074.3975034,1764940077.6015034,0.06341923998284413,0.09459386872308652,0.0
1764940075.0715034,1764940078.2075036,0.06211924017565289,0.09437690395431839,0.0
1764940075.7855034,1764940078.8315034,0.03920204076320907,0.06915200647849765,0.0
1764940076.3715036,1764940079.4755034,0.038755644750158316,0.05640921910470579,0.0
1764940077.0375035,1764940080.1975036,0.058456821672088814,0.04670117771537132,0.0
1764940077.6015034,1764940080.8435035,0.0448241006602571,0.05746303159425521,0.0
1764940078.2075036,1764940081.4315035,0.049050993873750816,0.06313477647069199,0.0
1764940078.8315034,1764940082.0775034,0.047812132351552676,0.06847627326311721,0.0
1764940079.4755034,1764940082.7135034,0.048074941497647766,0.05572252686305055,0.0
1764940080.1975036,1764940083.3355036,0.023477648945347526,0.040410394702386096,0.0
1764940080.8435035,1764940084.0055034,0.029543188724326312,0.03712142238657678,0.0
1764940081.4315035,1764940084.7615035,0.05343407152746105,0.050299105359862054,0.0
1764940082.0775034,1764940085.3915036,0.055461698495467546,0.08130190649674406,0.0
1764940082.7135034,1764940086.0535035,0.05360223875923866,0.08276472678626852,0.0
1764940083.3355036,1764940086.6955035,0.05031103258731202,0.08026207074331607,0.0
1764940084.0055034,1764940087.3655035,0.050291152303378356,0.06878226515609735,0.0
1764940084.7615035,1764940088.0055034,0.017629520696826075,0.029849623113194494,0.0
1764940085.3915036,1764940088.5395036,0.054764952296155585,0.057497826045869796,0.0
1764940086.0535035,1764940089.1675036,0.051582942917203424,0.07280796659706863,0.0
1764940086.6955035,1764940089.8355036,0.055454485841993265,0.07427651041884575,0.0
1764940087.3655035,1764940090.5075035,0.05584621741891989,0.07256031973470163,0.0
1764940088.0055034,1764940091.2535036,0.0769233384610921,0.06210475022088092,0.0
1764940088.5395036,1764940092.0315034,0.061796440026918746,0.04505552130427022,0.0
1764940089.1675036,1764940092.7875035,0.050131826218478386,0.041629316592984425,0.0
1764940089.8355036,1764940093.4295034,0.05801723881744237,0.06974955196988858,0.0
1764940090.5075035,1764940094.0895035,0.06105079852059201,0.0602743726636938,0.0
1764940091.2535036,1764940094.7155035,0.06937434684378058,0.059999999999998485,0.0
1764940092.0315034,1764940095.3895035,0.04980762993759441,0.06312685640833324,0.0
1764940092.7875035,1764940095.9495034,0.04357522231725989,0.06312685640830802,0.0
1764940093.4295034,1764940096.5615034,0.044013634251200195,0.06742403132411856,0.0
1764940094.0895035,1764940097.1835034,0.04007492981901769,0.06577233460959796,0.0
1764940094.7155035,1764940097.8315034,0.04231784493566101,0.06297618597531768,0.0
1764940095.3895035,1764940098.5775034,0.06792054181174467,0.055982140009136726,0.0
1764940095.9495034,1764940099.3335035,0.06906518659932406,0.050447993022537226,0.0
1764940096.5615034,1764940100.1855035,0.09148770409187112,0.0686876990443293,0.0
1764940097.1835034,1764940100.8775034,0.07602631123500857,0.10387492478941286,0.0
1764940097.8315034,1764940101.6235034,0.05747347214150923,0.09571833680127514,0.0
1764940098.5775034,1764940102.2415035,0.08616727917253879,0.11498695578194137,0.0
1764940099.3335035,1764940102.9175036,0.08791359394313926,0.10914669028419556,0.0
1764940100.1855035,1764940103.5115035,0.060272713560931314,0.08574963556769573,0.0
1764940100.8775034,1764940104.1815035,0.05845340024325351,0.08969949832632297,0.0
1764940101.6235034,1764940104.8435035,0.036072149922055353,0.0629205848669467,0.0
1764940102.2415035,1764940105.4315035,0.04346492839059309,0.06710439627922264,0.0
1764940102.9175036,1764940106.1175034,0.0458606585212111,0.0729520390393408,0.0
1764940103.5115035,1764940106.7835035,0.03874532229830343,0.06382789358890303,0.0
1764940104.1815035,1764940107.4615035,0.03993995493236462,0.06414047084326646,0.0
1764940104.8435035,1764940108.2455034,0.0698798969661382,0.07330757123242092,0.0
1764940105.4315035,1764940108.8735034,0.05726080684027333,0.09382430388762761,0.0
1764940106.1175034,1764940109.5995035,0.059722692504600154,0.1052758281848177,0.0
1764940106.7835035,1764940110.2375035,0.06454455825241172,0.11427598172843872,0.0
1764940107.4615035,1764940110.9195035,0.06438322762955338,0.10432641084595533,0.0
1764940108.2455034,1764940111.6075034,0.040134772953131,0.070420167565827,0.0
1764940108.8735034,1764940112.1855035,0.05657561312080663,0.07398648525230483,0.0
1764940109.5995035,1764940112.8175035,0.04419049671587466,0.06422616289323405,0.0
1764940110.2375035,1764940113.4055035,0.050667543852023114,0.06353739056641405,0.0
1764940110.9195035,1764940114.0895035,0.050667543852023114,0.07900632886036171,0.0
1764940111.6075034,1764940114.7135034,0.04107067080045339,0.06455230437405315,0.0
1764940112.1855035,1764940115.3075035,0.03740053475556215,0.06095900261654639,0.0
1764940112.8175035,1764940116.0195036,0.05417379440286388,0.08148005891019734,0.0
1764940113.4055035,1764940116.5455034,0.0728230732666873,0.11355175031682449,0.0
1764940114.0895035,1764940117.2155035,0.07041874750380701,0.1307440247201317,0.0
1764940114.7135034,1764940117.8295035,0.07057478303193519,0.1326574536165096,0.0
1764940115.3075035,1764940118.4995034,0.07088864507101063,0.12232334200801552,0.0
1764940116.0195036,1764940119.1575034,0.06060693029681203,0.08077128202524878,0.0
1764940116.5455034,1764940119.8435035,0.02700370344970855,0.04097560249708124,0.0
1764940117.2155035,1764940120.4955034,0.026668333281253127,0.03569313659515748,0.0
1764940117.8295035,1764940121.1935034,0.019152023391780806,0.03277193921634479,0.0
1764940118.4995034,1764940121.7515035,0.05463332316447359,0.0762233560005493,0.0
1764940119.1575034,1764940122.3955035,0.05445365001534735,0.08638865666264851,0.0
1764940119.8435035,1764940123.0815034,0.054099907578431,0.0868274150253233,0.0
1764940120.4955034,1764940123.7175035,0.05422914345621672,0.08709764635157483,0.0
1764940121.1935034,1764940124.3195035,0.04763192206910619,0.0561159513863604,0.0
1764940121.7515035,1764940124.9435034,0.03080259729310195,0.03800000000007374,0.0
1764940122.3955035,1764940125.6115034,0.033406586176986504,0.038535697735995744,0.0
1764940123.0815034,1764940126.1935034,0.03247768464651291,0.05170106381879392,0.0
1764940123.7175035,1764940126.8115034,0.03146426544508135,0.05170106381881371,0.0
1764940124.3195035,1764940127.4575036,0.03132411211828281,0.05194227565284788,0.0
1764940124.9435034,1764940128.0395036,0.037320235797739305,0.05672741841471862,0.0
1764940125.6115034,1764940128.6435034,0.026244999523730623,0.03942080668886203,0.0
1764940126.1935034,1764940129.2515035,0.022742031571531835,0.035199431813588936,0.0
1764940126.8115034,1764940129.7915034,0.038120860430971654,0.047180504448295996,0.0
1764940127.4575036,1764940130.5035036,0.0627279841856376,0.09214119599821878,0.0
1764940128.0395036,1764940131.1575034,0.0634129324349065,0.09578100020348654,0.0
1764940128.6435034,1764940131.8335035,0.06564449710368614,0.09625487000656813,0.0
1764940129.2515035,1764940132.4935036,0.06395936209808875,0.09032164746054301,0.0
1764940129.7915034,1764940133.0295036,0.0664890968505291,0.07001428425684482,0.0
1764940130.5035036,1764940133.6815035,0.057001754358985766,0.08717224328880949,0.0
1764940131.1575034,1764940134.3035035,0.05616048432841809,0.08806247782116433,0.0
1764940131.8335035,1764940134.9055035,0.050346797316220444,0.08824397996465513,0.0
1764940132.4935036,1764940135.5095034,0.04316016682082392,0.06179805822195305,0.0
1764940133.0295036,1764940136.1795034,0.029516097303028385,0.036905284174537166,0.0
1764940133.6815035,1764940136.7695036,0.03054832237620235,0.05125426811497482,0.0
1764940134.3035035,1764940137.3635035,0.03232955304362192,0.05046781152379619,0.0
1764940134.9055035,1764940137.9535034,0.03360357123878193,0.05046781152379619,0.0
1764940135.5095034,1764940138.5515034,0.03407638478477057,0.03914077158154688,0.0
1764940136.1795034,1764940139.1775036,0.015401298646524772,0.015362291495718064,0.0
1764940136.7695036,1764940139.8255036,0.02558906016250047,0.018867962264112918,0.0
1764940137.3635035,1764940140.5315034,0.0461865781369195,0.033749074061342386,0.0
1764940137.9535034,1764940141.3055034,0.07047552766740607,0.04852834223420175,0.0
1764940138.5515034,1764940142.1595035,0.0930225779045416,0.06042350536011345,0.0
1764940139.1775036,1764940142.9335034,0.07758092549077016,0.07107038764497187,0.0
1764940139.8255036,1764940143.7355034,0.05345278290233929,0.06660330322144713,0.0
1764940140.5315034,1764940144.4275036,0.05860034129598048,0.07896834808964304,0.0
1764940141.3055034,1764940145.1015034,0.07505997601919011,0.06913031173083468,0.0
1764940142.1595035,1764940145.6555035,0.09689582034328806,0.08281304245108999,0.0
1764940142.9335034,1764940146.3355036,0.08719633019799829,0.1026304048516233,0.0
1764940143.7355034,1764940146.9575036,0.05646946077307292,0.09106041950270422,0.0
1764940144.4275036,1764940147.6595035,0.05865833274142907,0.09873702446404349,0.0
1764940145.1015034,1764940148.2135034,0.06794703819890519,0.10713542831393952,0.0
1764940145.6555035,1764940148.8335035,0.05720839099295078,0.09304837451569108,0.0
1764940146.3355036,1764940149.5815034,0.07601841882069693,0.10999545445155223,0.0
1764940146.9575036,1764940150.3755035,0.09651321153085671,0.10517604289952244,0.0
1764940147.6595035,1764940151.0255034,0.09682355085411654,0.10379788051786358,0.0
1764940148.2135034,1764940151.7375035,0.07080960386838922,0.10349396117647902,0.0
1764940148.8335035,1764940152.4375036,0.05342284155678375,0.08083934685539154,0.0
1764940149.5815034,1764940153.1375034,0.05151698748957931,0.07778817390840449,0.0
1764940150.3755035,1764940153.7875035,0.029407482041159894,0.03982461550352004,0.0
1764940151.0255034,1764940154.4515035,0.026130442016943742,0.025961509971550424,0.0
1764940151.7375035,1764940155.0495036,0.04210938137756613,0.042201895692045466,0.0
1764940152.4375036,1764940155.7115035,0.03701351104667126,0.05357238094394635,0.0
1764940153.1375034,1764940156.3115034,0.034205262752986236,0.05760208329568504,0.0
1764940153.7875035,1764940156.9115036,0.03563705936241998,0.057183913822009706,0.0
1764940154.4515035,1764940157.4655035,0.03860051813125989,0.051410115736153714,0.0
1764940155.0495036,1764940158.0995035,0.040511726697371034,0.05545268253211146,0.0
1764940155.7115035,1764940158.6955035,0.027748873851053287,0.04873397172412414,0.0
1764940156.3115034,1764940159.3075035,0.0284745500403756,0.04922397789704252,0.0
1764940156.9115036,1764940159.9615035,0.03791042073100856,0.04876474136101842,0.0
1764940157.4655035,1764940160.7495034,0.07614985226516226,0.07220110802479185,0.0
1764940158.0995035,1764940161.5235035,0.09031057523904608,0.07017834423812598,0.0
1764940158.6955035,1764940162.2635036,0.07707658529022186,0.0721110255093151,0.0
1764940159.3075035,1764940162.9455035,0.05736898116579367,0.07416198487097962,0.0
1764940159.9615035,1764940163.6855035,0.04055613393804624,0.043908996800205415,0.0
1764940160.7495034,1764940164.2695036,0.07431823463997946,0.08843641783795055,0.0
1764940161.5235035,1764940164.8515034,0.07809737511595725,0.08659099260320027,0.0
1764940162.2635036,1764940165.4675035,0.06808817812222889,0.08348652585902813,0.0
1764940162.9455035,1764940166.0915034,0.06395936209816465,0.07880989785559303,0.0
1764940163.6855035,1764940166.6835034,0.019005262429163075,0.023895606290745722,0.0
1764940164.2695036,1764940167.3315034,0.026585710447562073,0.03756327994205857,0.0
1764940164.8515034,1764940167.8215034,0.06217073266416082,0.08691950298984853,0.0
1764940165.4675035,1764940168.5335035,0.08261234774534276,0.14168274418571514,0.0
1764940166.0915034,1764940169.1195035,0.08302529734964602,0.1541233272415033,0.0
1764940166.6835034,1764940169.9975035,0.1453822547630612,0.2096139308347209,0.0
1764940167.3315034,1764940170.7075036,0.14641038214549912,0.2111729149298892,0.0
1764940167.8215034,1764940171.4915035,0.10691679007526209,0.1830136606922953,0.0
1764940168.5335035,1764940172.3615034,0.12101570146059973,0.17688696955965583,0.0
1764940169.1195035,1764940173.0835035,0.07882131691365582,0.12487193439684167,0.0
1764940169.9975035,1764940173.7195034,0.08782482564743874,0.10233767634652975,0.0
1764940170.7075036,1764940174.4015036,0.09113725912052724,0.09800510190804501,0.0
1764940171.4915035,1764940175.1295035,0.08743683434344267,0.09148770409187391,0.0
1764940172.3615034,1764940175.7115035,0.06245958693424156,0.09228759396576791,0.0
1764940173.0835035,1764940176.4435034,0.06422771987231934,0.11048076755702893,0.0
1764940173.7195034,1764940177.1095035,0.06116534966790954,0.11248999955548367,0.0
1764940174.4015036,1764940177.6795034,0.07733821823648986,0.12012077255824206,0.0
1764940175.1295035,1764940178.4495034,0.08812037221886918,0.13694524453219317,0.0
1764940175.7115035,1764940179.0295036,0.08812037221886918,0.14820593780268082,0.0
1764940176.4435034,1764940179.7415035,0.08469474599992767,0.15863795258376634,0.0
1764940177.1095035,1764940180.4615035,0.08916725856497404,0.15128450019739145,0.0
1764940177.6795034,1764940181.0355034,0.08861151166747631,0.13624243098238403,0.0
1764940178.4495034,1764940181.7195034,0.0717439892952703,0.11341075786714236,0.0
1764940179.0295036,1764940182.3155036,0.06836665854057263,0.10325696102443321,0.0
1764940179.7415035,1764940182.8215034,0.0865401640857949,0.11212938954616154,0.0
1764940180.4615035,1764940183.4755034,0.07001428425681964,0.11212938954612403,0.0
1764940181.0355034,1764940184.0915034,0.0680058820984971,0.09918165152884813,0.0
1764940181.7195034,1764940184.7335036,0.05858327406347841,0.08948742928473417,0.0
1764940182.3155036,1764940185.4595034,0.07932212806016013,0.08805112151467408,0.0
1764940182.8215034,1764940186.2335036,0.06564145031914177,0.05387021440462439,0.0
1764940183.4755034,1764940187.0015035,0.0726085394427111,0.0501796771611611,0.0
1764940184.0915034,1764940187.9715035,0.12082714926704394,0.11280957406174119,0.0
1764940184.7335036,1764940188.7175035,0.09943238908929954,0.15431785379536983,0.0
1764940185.4595034,1764940189.5035036,0.09197173478848503,0.15358710883407167,0.0
1764940186.2335036,1764940190.1275034,0.12441382559829021,0.17312712092565605,0.0
1764940187.0015035,1764940190.7275035,0.14816477314125606,0.14040299142116508,0.0
1764940187.9715035,1764940191.3635035,0.08143218037112163,0.08504704580406583,0.0
1764940188.7175035,1764940192.0035036,0.0729438139940489,0.08271638289962419,0.0
1764940189.5035036,1764940192.5795035,0.02725435744978806,0.03912799509303802,0.0
1764940190.1275034,1764940193.2155035,0.0287958330319077,0.04845616575839124,0.0
1764940190.7275035,1764940193.8855035,0.03439185950194557,0.04811444689491539,0.0
1764940191.3635035,1764940194.6395035,0.06541253702461385,0.06445928947792845,0.0
1764940192.0035036,1764940195.4375036,0.08957008429157527,0.05921992907798332,0.0
1764940192.5795035,1764940196.2315035,0.07366681749604727,0.05046781152375789,0.0
1764940193.2155035,1764940196.9035034,0.06325503932493522,0.0775370878998956,0.0
1764940193.8855035,1764940197.6115034,0.054615016250104065,0.06672330927045164,0.0
1764940194.6395035,1764940198.2155035,0.08290958931270914,0.08194510357550044,0.0
1764940195.4375036,1764940198.9255035,0.06947805408904546,0.09813256340279061,0.0
1764940196.2315035,1764940199.4375036,0.0838260102832428,0.12533953885352583,0.0
1764940196.9035034,1764940200.0295036,0.08411896337928303,0.1301614382219945,0.0
1764940197.6115034,1764940200.6155035,0.07096477999687034,0.11933985084629507,0.0
1764940198.2155035,1764940201.1895034,0.07186654298075536,0.1065926826757494,0.0
1764940198.9255035,1764940201.7575035,0.03144519041128306,0.03971145930337389,0.0
1764940199.4375036,1764940202.2155035,0.054947247428801714,0.054516052681786956,0.0
1764940200.0295036,1764940202.9715035,0.10622993928268759,0.1577085920297642,0.0
1764940200.6155035,1764940203.7435036,0.134369639427988,0.15785119575096832,0.0
1764940201.1895034,1764940204.4595034,0.13571735334880222,0.16044313634435692,0.0
1764940201.7575035,1764940205.1575034,0.12718175969849238,0.15129441496635068,0.0
1764940202.2155035,1764940206.0775034,0.08728802896160935,0.11439405578965216,0.0
1764940202.9715035,1764940206.9075034,0.09011548146686005,0.12223338332879552,0.0
1764940203.7435036,1764940207.5855036,0.10322402821052465,0.14152384958023737,0.0
1764940204.4595034,1764940208.2655034,0.1085854502224075,0.14131171218271407,0.0
1764940205.1575034,1764940209.0255034,0.1031445587513067,0.09690201236303726,0.0
1764940206.0775034,1764940209.6615036,0.07754998388139536,0.10571187255938698,0.0
1764940206.9075034,1764940210.3915036,0.047757721888733,0.08580209787646738,0.0
1764940207.5855036,1764940211.0495036,0.050219518117965496,0.09264448175687742,0.0
1764940208.2655034,1764940211.7055035,0.053039607841697284,0.0840595027346785,0.0
1764940209.0255034,1764940212.2675035,0.05931947403675976,0.07389857914734482,0.0
1764940209.6615036,1764940212.9635034,0.0620902568846117,0.08775534171771926,0.0
1764940210.3915036,1764940213.5775034,0.050326931160147005,0.08986656775460491,0.0
1764940211.0495036,1764940214.2675035,0.055526570216422454,0.09754998718602574,0.0
1764940211.7055035,1764940214.9015036,0.055288335116908796,0.09077995373427761,0.0
1764940212.2675035,1764940215.5395036,0.036177340974701745,0.06240192304730088,0.0
1764940212.9635034,1764940216.1955035,0.02864960732716774,0.048559242168755824,0.0
1764940213.5775034,1764940216.8855035,0.027842413688477317,0.03518522417154743,0.0
1764940214.2675035,1764940217.5855036,0.030079893616853568,0.02032240143289092,0.0
1764940214.9015036,1764940218.4375036,0.08509289041980682,0.0795801482782627,0.0
1764940215.5395036,1764940219.2015035,0.07794356933062192,0.0910714005601759,0.0
1764940216.1955035,1764940219.8875034,0.07102675552210282,0.09702576977272334,0.0
1764940216.8855035,1764940220.5115035,0.08710912696151682,0.10208819716299926,0.0
1764940217.5855036,1764940221.1675036,0.09212382970760943,0.06915200647849806,0.0
1764940218.4375036,1764940221.8175035,0.05382564444572818,0.05265928218273544,0.0
1764940219.2015035,1764940222.4555035,0.023790754506780164,0.03679673898601576,0.0
1764940219.8875034,1764940223.1615036,0.030899838187326056,0.03766961640377084,0.0
1764940220.5115035,1764940223.7455034,0.042941821107216616,0.06877499545628878,0.0
1764940221.1675036,1764940224.3815036,0.04270831300817078,0.07341661937199868,0.0
1764940221.8175035,1764940225.0215034,0.04259107887813692,0.07325298628733491,0.0
1764940222.4555035,1764940225.6855035,0.04385430423576972,0.06667833231273186,0.0
1764940223.1615036,1764940226.3735034,0.038194240403524475,0.03109662361094107,0.0
1764940223.7455034,1764940227.0475035,0.022063544592841513,0.018083141320034454,0.0
1764940224.3815036,1764940227.7375035,0.020346989949366796,0.01936491673104589,0.0
1764940225.0215034,1764940228.4195035,0.009859006035105472,0.014662878298644488,0.0
1764940225.6855035,1764940229.1035035,0.00536656314601029,0.009695359714849637,0.0
1764940226.3735034,1764940229.7875035,0.005099019513594837,0.007681145747864582,0.0
1764940227.0475035,1764940230.4775035,0.003033150177608866,0.003741657386761423,0.0
1764940227.7375035,1764940231.1715035,0.005099019513617132,0.0037416573868069994,0.0
1764940228.4195035,1764940231.9155035,0.02501999200637676,0.024289915602932068,0.0
1764940229.1035035,1764940232.5735035,0.03054832237617965,0.04850773134249175,0.0
1764940229.7875035,1764940233.2155035,0.0384603692130006,0.04912229636321911,0.0
1764940230.4775035,1764940233.9675035,0.04844791017165142,0.07293833011523476,0.0
1764940231.1715035,1764940234.5875034,0.060199667773154934,0.09539392014168528,0.0
1764940231.9155035,1764940235.2515035,0.050007999360096776,0.08868483523127839,0.0
1764940232.5735035,1764940235.9395034,0.050545029429207744,0.08913472948294841,0.0
1764940233.2155035,1764940236.6595035,0.05054502942920775,0.07248448109765566,0.0
1764940233.9675035,1764940237.3375034,0.036676968249845905,0.036027767069322626,0.0
1764940234.5875034,1764940238.0515034,0.02275961335350584,0.032526911934622905,0.0
1764940235.2515035,1764940238.7055035,0.026038433132602616,0.04189272013133657,0.0
1764940235.9395034,1764940239.3555036,0.0322180073872167,0.03923009049188457,0.0
1764940236.6595035,1764940239.9975035,0.028726294574830655,0.03388214869218717,0.0
1764940237.3375034,1764940240.6435034,0.029427877939119964,0.029325756597223075,0.0
1764940238.0515034,1764940241.2775035,0.007402702209307223,0.006633249580691056,0.0
1764940238.7055035,1764940241.9235034,0.005403702434407308,0.00842614977312552,0.0
1764940239.3555036,1764940242.6255035,0.026555602045533713,0.028124722220884715,0.0
1764940239.9975035,1764940243.2575035,0.027949955277273186,0.04411349000028542,0.0
1764940240.6435034,1764940243.9735036,0.03884842339147343,0.060016664352575674,0.0
1764940241.2775035,1764940244.6615036,0.035355339059374,0.061114646362479604,0.0
1764940241.9235034,1764940245.3575034,0.03147697571245246,0.054909015653246775,0.0
1764940242.6255035,1764940246.0555034,0.03126019833593273,0.04316248370987504,0.0
1764940243.2575035,1764940246.7675035,0.010917875251200415,0.0147648230602731,0.0
1764940243.9735036,1764940247.5415034,0.03514541221839139,0.03275667870830562,0.0
1764940244.6615036,1764940248.1815035,0.048530402841922705,0.07541883053983946,0.0
1764940245.3575034,1764940248.9035034,0.04887535166112717,0.08630179604153514,0.0
1764940246.0555034,1764940249.5055034,0.06942045807972047,0.10551303237037489,0.0
1764940246.7675035,1764940250.1695035,0.06895505782753078,0.10551303237037489,0.0
1764940247.5415034,1764940250.8435035,0.044957757951197636,0.0807774721069814,0.0
1764940248.1815035,1764940251.5155034,0.04349712634184601,0.06899999999997398,0.0
1764940248.9035034,1764940252.2675035,0.0532240547121245,0.05060632371554427,0.0
1764940249.5055034,1764940252.8975034,0.04403180668562636,0.07167286794878426,0.0
1764940250.1695035,1764940253.5815034,0.04337280253800083,0.07613803254618717,0.0
1764940250.8435035,1764940254.2535036,0.04337280253800083,0.07630203142776876,0.0
1764940251.5155034,1764940254.8975034,0.04654889902027785,0.06705967491720378,0.0
1764940252.2675035,1764940255.6015034,0.029017236257097203,0.04168932717135847,0.0
1764940252.8975034,1764940256.1655035,0.05386278863930079,0.0763085840518768,0.0
1764940253.5815034,1764940256.7995036,0.05168365312167267,0.08339064695759171,0.0
1764940254.2535036,1764940257.4515035,0.04959032163639001,0.08281304245107832,0.0
1764940254.8975034,1764940258.1535034,0.05685068161422507,0.08119729059523528,0.0
1764940255.6015034,1764940258.8675034,0.05977290356008935,0.04337049688445859,0.0
1764940256.1655035,1764940259.6795034,0.06930223661612181,0.055036351623233906,0.0
1764940256.7995036,1764940260.5615034,0.0927512803145935,0.06499999999998199,0.0
1764940257.4515035,1764940261.2655034,0.08131912444185256,0.10839280418911651,0.0
1764940258.1535034,1764940261.9975035,0.07636753236808973,0.1092016483391069,0.0
1764940258.8675034,1764940262.7455034,0.0719221801671298,0.09833615815143135,0.0
1764940259.6795034,1764940263.4235034,0.07942291860662325,0.09762171889483746,0.0
1764940260.5615034,1764940264.1475034,0.026608269391275512,0.04374928570842064,0.0
1764940261.2655034,1764940264.7515035,0.057574299822028614,0.0719027120489588,0.0
1764940261.9975035,1764940265.4035034,0.056568542494903507,0.07516648189182416,0.0
1764940262.7455034,1764940266.0415034,0.044371161805816524,0.06730527468181188,0.0
1764940263.4235034,1764940266.7035034,0.04309524335698726,0.06455230437400207,0.0
1764940264.1475034,1764940267.3835034,0.028263050083065594,0.02803569153770376,0.0
1764940264.7515035,1764940268.1855035,0.06577841591285133,0.062104750220944076,0.0
1764940265.4035034,1764940269.1875036,0.15113570061371048,0.11841452613592018,0.0
1764940266.0415034,1764940270.1095035,0.1486902821303556,0.1248278815008503,0.0
1764940266.7035034,1764940270.9455035,0.1220360602445119,0.13132402674300617,0.0
1764940267.3835034,1764940271.7295034,0.09179324593888342,0.11989578808276347,0.0
1764940268.1855035,1764940272.4995034,0.09858397435687596,0.06498461356350949,0.0
1764940269.1875036,1764940273.2015035,0.08160147057499509,0.06025777958076952,0.0
1764940270.1095035,1764940273.9515035,0.04873191972410788,0.04942671342500281,0.0
1764940270.9455035,1764940274.5635035,0.06971943774874466,0.08132650244539094,0.0
1764940271.7295034,1764940275.2395034,0.06284266066933529,0.08748714191238263,0.0
1764940272.4995034,1764940275.9035034,0.051536394906894004,0.08132650244536298,0.0
1764940273.2015035,1764940276.5855036,0.0501597448159314,0.07834538914317425,0.0
1764940273.9515035,1764940277.3495035,0.05466991860243625,0.053272882407407345,0.0
1764940274.5635035,1764940278.0155034,0.041240756540069146,0.06366317616951656,0.0
1764940275.2395034,1764940278.7435036,0.043136991086497135,0.0700285655999749,0.0
1764940275.9035034,1764940279.4515035,0.037672270969469526,0.06989277501995776,0.0
1764940276.5855036,1764940280.1695035,0.03456587912953281,0.05745432968883629,0.0
1764940277.3495035,1764940280.8835034,0.02328089345362739,0.031591137997842536,0.0
1764940278.0155034,1764940281.6115034,0.007874007874013314,0.011575836902791483,0.0
1764940278.7435036,1764940282.3555036,0.014099645385576577,0.011575836902747287,0.0
1764940279.4515035,1764940282.9955034,0.04067923303108696,0.05410175597882696,0.0
1764940280.1695035,1764940283.6935034,0.040546269865395876,0.061854668376695295,0.0
1764940280.8835034,1764940284.4095035,0.040546269865395876,0.062080592780609775,0.0
1764940281.6115034,1764940285.1535034,0.04366692111882934,0.06322973983808766,0.0
1764940282.3555036,1764940285.7655034,0.0553100352558598,0.07535250493518551,0.0
1764940282.9955034,1764940286.4095035,0.05420332093151758,0.07118286310630241,0.0
1764940283.6935034,1764940287.0655036,0.05452705750363984,0.07090839160501337,0.0
1764940284.4095035,1764940287.7535036,0.05077400909919317,0.07135825109973012,0.0
1764940285.1535034,1764940288.4735036,0.04220426518731768,0.02930870177951472,0.0
1764940285.7655034,1764940289.1615036,0.030245660845793682,0.02930870177944878,0.0
1764940286.4095035,1764940289.8655035,0.024289915602953124,0.029966648127483512,0.0
1764940287.0655036,1764940290.6535034,0.04206185920757963,0.049578221024913396,0.0
1764940287.7535036,1764940291.3575034,0.039874804074756,0.0629761859753407,0.0
1764940288.4735036,1764940291.9975035,0.054173794402820226,0.06903622237637311,0.0
1764940289.1615036,1764940292.6795034,0.05452705750358418,0.07201388754955504,0.0
1764940289.8655035,1764940293.3755035,0.05467357679902905,0.05807753438291842,0.0
1764940290.6535034,1764940294.0675035,0.025806975801099124,0.040124805295434184,0.0
1764940291.3575034,1764940294.7975035,0.03232955304362192,0.029068883707502116,0.0
1764940291.9975035,1764940295.5675035,0.036182868874648666,0.02831960451699326,0.0
1764940292.6795034,1764940296.1775036,0.05965567869032056,0.0855978971704448,0.0
1764940293.3755035,1764940296.8955035,0.060176407337121963,0.10173986436008794,0.0
1764940294.0675035,1764940297.4915035,0.0780435775705263,0.1177752096156766,0.0
1764940294.7975035,1764940298.1455035,0.07445266952906988,0.11970797801324727,0.0
1764940295.5675035,1764940298.8375034,0.05268016704611395,0.08996110270566018,0.0
1764940296.1775036,1764940299.5375035,0.049063224516981446,0.07136525765392235,0.0
1764940296.8955035,1764940300.2975035,0.060524375254964916,0.04571651780270774,0.0
1764940297.4915035,1764940301.0215034,0.03879690709323747,0.03845776904610278,0.0
1764940298.1455035,1764940301.6635034,0.04362109581385745,0.05402777063700532,0.0
1764940298.8375034,1764940302.4095035,0.04672044520337692,0.07551820972457687,0.0
1764940299.5375035,1764940303.1315036,0.046151923036869526,0.07075309180524977,0.0
1764940300.2975035,1764940303.9175036,0.05277499407863663,0.07535250493515534,0.0
1764940301.0215034,1764940304.5695035,0.06205481447881644,0.09166787877987066,0.0
1764940301.6635034,1764940305.2775035,0.0494974746830558,0.08021845174275329,0.0
1764940302.4095035,1764940305.9575036,0.05029115230337157,0.08054191455389112,0.0
1764940303.1315036,1764940306.6415036,0.050844862080655744,0.0743437959752258,0.0
1764940303.9175036,1764940307.3735034,0.03102901867608419,0.040779897008255024,0.0
1764940304.5695035,1764940307.9855034,0.045725266538314595,0.06740178039190207,0.0
1764940305.2775035,1764940308.6835034,0.044528642467501836,0.0792653770570405,0.0
1764940305.9575036,1764940309.2735035,0.060778285596088444,0.09647279409240454,0.0
1764940306.6415036,1764940309.9775035,0.06333087714536172,0.10975427098752182,0.0
1764940307.3735034,1764940310.6415036,0.051911463088629844,0.09362691920599336,0.0
1764940307.9855034,1764940311.2355034,0.0555445766929974,0.08936442245105397,0.0
1764940308.6835034,1764940311.9035034,0.05009191551543431,0.07910120100234812,0.0
1764940309.2735035,1764940312.5835035,0.0410024389518863,0.05424020648935072,0.0
1764940309.9775035,1764940313.2475035,0.03369272918601039,0.05081338406370916,0.0
1764940310.6415036,1764940313.9835036,0.05070305710705733,0.05286775955155519,0.0
1764940311.2355034,1764940314.6415036,0.0321683073847359,0.054954526656098776,0.0
1764940311.9035034,1764940315.3395035,0.03160379724019564,0.05772347875861957,0.0
1764940312.5835035,1764940315.9615035,0.043095243357019704,0.06797058187186662,0.0
1764940313.2475035,1764940316.6455035,0.04253469172335707,0.06442825467140596,0.0
1764940313.9835036,1764940317.2655034,0.034391859501943255,0.059924953066355466,0.0
1764940314.6415036,1764940317.9415035,0.03540056496726024,0.06292058486698916,0.0
1764940315.3395035,1764940318.5495036,0.03413502599971492,0.06065476073650319,0.0
1764940315.9615035,1764940319.0875034,0.05890670590007373,0.06383572667399252,0.0
1764940316.6455035,1764940319.6875036,0.04936395446069047,0.06432728814426408,0.0
1764940317.2655034,1764940320.2695036,0.0498998997994703,0.059076221950935155,0.0
1764940317.9415035,1764940320.9295034,0.04414974518611055,0.06200806399167742,0.0
1764940318.5495036,1764940321.4575036,0.05273708372674754,0.08230431337425184,0.0
1764940319.0875034,1764940322.0555034,0.04644566718224276,0.08310234653733609,0.0
1764940319.6875036,1764940322.6455035,0.04627310233822113,0.08266801074182896,0.0
1764940320.2695036,1764940323.2915034,0.051757125113387474,0.0785748051223053,0.0
1764940320.9295034,1764940323.8215034,0.050227482517050635,0.07368853370774528,0.0
1764940321.4575036,1764940324.3975034,0.04234619227271935,0.0696419413858793,0.0
1764940322.0555034,1764940324.9835036,0.042061859207578,0.06969218033606414,0.0
1764940322.6455035,1764940325.6095035,0.046065171225096006,0.06718630812892454,0.0
1764940323.2915034,1764940326.1275034,0.04407720499304419,0.06284106937342482,0.0
1764940323.8215034,1764940326.6735034,0.0410706708004545,0.059514704065423564,0.0
1764940324.3975034,1764940327.3735034,0.07182478680786346,0.09803060746517293,0.0
1764940324.9835036,1764940328.0215034,0.07486788363508917,0.09948869282480695,0.0
1764940325.6095035,1764940328.9095035,0.1478147489257683,0.1470476113371899,0.0
1764940326.1275034,1764940329.6635034,0.12759310326186793,0.16148684156910095,0.0
1764940326.6735034,1764940330.2535036,0.1139175140178079,0.1629570495559486,0.0
1764940327.3735034,1764940330.9295034,0.115368973298696,0.16610237806843997,0.0
1764940328.0215034,1764940331.6375034,0.10997636109636365,0.11505650785595431,0.0
1764940328.9095035,1764940332.3635035,0.062408332777009454,0.09315578350278549,0.0
1764940329.6635034,1764940332.9935036,0.05536424839193867,0.06577233460968396,0.0
1764940330.2535036,1764940333.6775036,0.03603886790675214,0.056903426961814184,0.0
1764940330.9295034,1764940334.3935034,0.03807886552933567,0.05690342696184815,0.0
1764940331.6375034,1764940334.9795034,0.058743510279863013,0.08601744009212016,0.0
1764940332.3635035,1764940335.6115034,0.0506675438520395,0.07532595834105735,0.0
1764940332.9935036,1764940336.1955035,0.05850470066581199,0.07434379597518298,0.0
1764940333.6775036,1764940336.8155036,0.05371405775026763,0.07434379597515699,0.0
1764940334.3935034,1764940337.4375036,0.021447610589510363,0.03613862199913451,0.0
1764940334.9795034,1764940338.0275035,0.02094755355643605,0.03333166662497545,0.0
1764940335.6115034,1764940338.8635035,0.10559734845156046,0.1263249777360196,0.0
1764940336.1955035,1764940339.7155035,0.1287524757043695,0.1253714481052524,0.0
1764940336.8155036,1764940340.5055034,0.12329314660596283,0.12889530635368188,0.0
1764940337.4375036,1764940341.1495035,0.1188663114595594,0.14765161699081086,0.0
1764940338.0275035,1764940341.8255036,0.09453676533497823,0.08193900170244434,0.0
1764940338.8635035,1764940342.4975035,0.08967050797224742,0.08169455306195769,0.0
1764940339.7155035,1764940343.2315035,0.059302613770380964,0.08244998483925725,0.0
1764940340.5055034,1764940344.0055034,0.05285073320212596,0.04102438299353878,0.0
1764940341.1495035,1764940344.7435036,0.04370354676686391,0.041024382993585885,0.0
1764940341.8255036,1764940345.4015036,0.04909175083453598,0.05792236183029471,0.0
1764940342.4975035,1764940346.1295035,0.04250647009572399,0.06022457969959677,0.0
1764940343.2315035,1764940346.7235036,0.07240994406847316,0.08882567196475719,0.0
1764940344.0055034,1764940347.3135035,0.07114211129841048,0.08718944890288509,0.0
1764940344.7435036,1764940347.9415035,0.05687881855311117,0.0792590688816992,0.0
1764940345.4015036,1764940348.6515036,0.0649861523710726,0.08115417426106326,0.0
1764940346.1295035,1764940349.4575036,0.09226700385290906,0.06605300901544993,0.0
1764940346.7235036,1764940350.4115036,0.1460451984832273,0.09844287683732482,0.0
1764940347.3135035,1764940351.1395035,0.12266213759757703,0.14865732407123855,0.0
1764940347.9415035,1764940351.8395035,0.10576766991861193,0.1437636949999026,0.0
1764940348.6515036,1764940352.6275034,0.09827512401422549,0.1418308852120461,0.0
1764940349.4575036,1764940353.2375035,0.12714243980678153,0.15010329776534886,0.0
1764940350.4115036,1764940353.9015036,0.06626613011189211,0.10216653072324487,0.0
1764940351.1395035,1764940354.5775034,0.06450736392076187,0.10157755657635663,0.0
1764940351.8395035,1764940355.2135034,0.06751296171852425,0.09417536832961707,0.0
1764940352.6275034,1764940355.9795034,0.05850470066587825,0.07225648759805482,0.0
1764940353.2375035,1764940356.6255035,0.05108032889480524,0.08958794561774151,0.0
1764940353.9015036,1764940357.2955034,0.05071488933244073,0.08998888820297687,0.0
1764940354.5775034,1764940357.8935034,0.062183599123877074,0.09446163242292659,0.0
1764940355.2135034,1764940358.5695035,0.06044832503881643,0.07918964578780405,0.0
1764940355.9795034,1764940359.2615035,0.036149688795315445,0.05358171329842928,0.0
1764940356.6255035,1764940359.9495034,0.0378787539393369,0.05252618394662608,0.0
1764940357.2955034,1764940360.7995036,0.09197825830052957,0.09087353850271984,0.0
1764940357.8935034,1764940361.4635034,0.07755772044098562,0.12509996003199875,0.0
1764940358.5695035,1764940362.1375034,0.07755772044098562,0.12491997438363123,0.0
1764940359.2615035,1764940362.8375034,0.07720103626249034,0.12545915670052482,0.0
1764940359.9495034,1764940363.4315035,0.0945558036293849,0.10825894882177095,0.0
1764940360.7995036,1764940364.0635035,0.04019950248446482,0.05696490147445165,0.0
1764940361.4635034,1764940364.7435036,0.04179952152834239,0.06113918547049389,0.0
1764940362.1375034,1764940365.3195035,0.05240992272459169,0.07870832230453262,0.0
1764940362.8375034,1764940365.9715035,0.04135214625624818,0.0697137002317068,0.0
1764940363.4315035,1764940366.7695036,0.082275148131135,0.09987492177719112,0.0
1764940364.0635035,1764940367.4975035,0.08307105392373028,0.10364362016062068,0.0
1764940364.7435036,1764940368.3355036,0.10683070719603074,0.1061932201225895,0.0
1764940365.3195035,1764940368.8575034,0.12651007864991476,0.18758731300389658,0.0
1764940365.9715035,1764940369.1695035,0.21996636106461173,0.20131815616088114,0.0
1764940366.7695036,1764940370.0175035,0.22949248353705837,0.33244849225107737,0.0
1764940367.4975035,1764940370.7415035,0.22932509675132484,0.3333271666096457,0.0
1764940368.3355036,1764940371.3455036,0.20325156825962107,0.2990418030978152,0.0
1764940368.8575034,1764940372.1135035,0.20839097869147968,0.29184070997718803,0.0
1764940369.1695035,1764940372.7395034,0.10008596305175686,0.13704743704276418,0.0
1764940370.0175035,1764940373.3575034,0.0729739679611358,0.12282507887229495,0.0
1764940370.7415035,1764940373.8915036,0.0845529419949223,0.11474754899341608,0.0
1764940371.3455036,1764940374.4735036,0.0869873554029487,0.08446892919885599,0.0
1764940372.1135035,1764940375.0715034,0.03629325006115752,0.048124837662101114,0.0
1764940372.7395034,1764940376.3695035,0.3207634642536113,0.35226694423399596,0.0
1764940373.3575034,1764940377.2275035,0.3183601733885455,0.41329287436385814,0.0
1764940373.8915036,1764940378.0275035,0.28938555596294857,0.41360125725140057,0.0
1764940374.4735036,1764940378.8335035,0.25734645907798154,0.4135081619508105,0.0
1764940375.0715034,1764940379.6055036,0.2203379222920604,0.22236006835757077,0.0
1764940376.3695035,1764940380.5835035,0.08102345339466406,0.10699532700072253,0.0
1764940377.2275035,1764940381.3255036,0.0913411188895769,0.15605447766724917,0.0
1764940378.0275035,1764940382.1475034,0.09074800273284579,0.16084153692375974,0.0
1764940378.8335035,1764940382.8295035,0.11117013987577204,0.1742842505793132,0.0
1764940379.6055036,1764940383.5415034,0.11809318354586533,0.1420105629873994,0.0
1764940380.5835035,1764940384.2935035,0.051973069949697685,0.083180526567172,0.0
1764940381.3255036,1764940384.9695034,0.05998999916647213,0.08318052656714535,0.0
1764940382.1475034,1764940385.5735035,0.054321266553728834,0.05816356247685337,0.0
1764940382.8295035,1764940386.2595034,0.054306537359707335,0.06918814927428095,0.0
1764940383.5415034,1764940386.9135034,0.053579846957596156,0.06760917097554019,0.0
1764940384.2935035,1764940387.7915034,0.10395575982117561,0.12397983707034951,0.0
1764940384.9695034,1764940388.6435034,0.1223601242235309,0.11954078801808482,0.0
1764940385.5735035,1764940389.4315035,0.09882712178340644,0.11738398527901528,0.0
1764940386.2595034,1764940390.2315035,0.08626239041431001,0.11657615536629493,0.0
1764940386.9135034,1764940390.5455034,0.23286304988121015,0.2446078494243038,0.0
1764940387.7915034,1764940390.9455035,0.2522895162308243,0.24806853891612,0.0
1764940388.6435034,1764940391.6875036,0.23207757323787997,0.299482887658001,0.0
1764940389.4315035,1764940392.2815034,0.21005047012560737,0.3086729660983819,0.0
1764940390.2315035,1764940392.9075034,0.1742446555851645,0.19236423784059528,0.0
1764940390.5455034,1764940393.5775034,0.12783896119728505,0.18866902236455163,0.0
1764940390.9455035,1764940394.1255035,0.0742239853416529,0.09977474630385488,0.0
1764940391.6875036,1764940394.7475035,0.04439819816164224,0.07500666637037214,0.0
1764940392.2815034,1764940395.4335034,0.05343032846615684,0.08016233529531991,0.0
1764940392.9075034,1764940396.3275034,0.12855815804533305,0.1288177006470882,0.0
1764940393.5775034,1764940397.2435036,0.16429485688847306,0.11462111498324035,0.0
1764940394.1255035,1764940398.1455035,0.13899352502906656,0.10911461863565716,0.0
1764940394.7475035,1764940398.8495035,0.11424885119769038,0.14290206436574515,0.0
1764940395.4335034,1764940399.5675035,0.10596603229334302,0.09923708984038908,0.0
1764940396.3275034,1764940400.2555034,0.1130451237338101,0.0994987437106172,0.0
1764940397.2435036,1764940400.9235034,0.09422950705590787,0.09978476837670124,0.0
1764940398.1455035,1764940401.5315034,0.042576989090343305,0.034554305086298066,0.0
1764940398.8495035,1764940402.2055035,0.03969886648253749,0.04671188285646563,0.0
1764940399.5675035,1764940402.8515034,0.03075711299843438,0.04642197755370577,0.0
1764940400.2555034,1764940403.5455034,0.03183080269171333,0.050626080235362504,0.0
1764940400.9235034,1764940404.1675036,0.03461213659975131,0.05428627819258399,0.0
1764940401.5315034,1764940404.8715036,0.03294237392783827,0.05935486500705222,0.0
1764940402.2055035,1764940405.6355035,0.05492904514009482,0.06568865959969715,0.0
1764940402.8515034,1764940406.2635036,0.05860716679724895,0.09170605214489133,0.0
1764940403.5455034,1764940406.9235034,0.05906945064921816,0.0860813568666257,0.0
1764940404.1675036,1764940407.6135035,0.05117421225577188,0.07788452991446079,0.0
1764940404.8715036,1764940408.3455036,0.054460995216752205,0.07419568720618279,0.0
1764940405.6355035,1764940408.9335034,0.05478320910644323,0.07695453203030793,0.0
1764940406.2635036,1764940409.5575035,0.05568482737694033,0.07736924453557688,0.0
1764940406.9235034,1764940410.2355034,0.056434032285489114,0.0807093550959554,0.0
1764940407.6135035,1764940410.7755034,0.07514785426078875,0.10494760597556536,0.0
1764940408.3455036,1764940411.4215035,0.05393329213018208,0.09428149341199432,0.0
1764940408.9335034,1764940411.9555035,0.06484442921330708,0.10833282051157096,0.0
1764940409.5575035,1764940412.6135035,0.0689115374955494,0.12113215923114158,0.0
1764940410.2355034,1764940413.1435034,0.06424328758712186,0.11722627691778524,0.0
1764940410.7755034,1764940413.7875035,0.06375578405133765,0.11816090724095779,0.0
1764940411.4215035,1764940414.4575036,0.06864983612510757,0.1049857133138123,0.0
1764940411.9555035,1764940415.2315035,0.08617424209123535,0.09950879358126401,0.0
1764940412.6135035,1764940415.9455035,0.09031500429054183,0.08230431337414479,0.0
1764940413.1435034,1764940416.6655035,0.04979156555078797,0.06034898507838491,0.0
1764940413.7875035,1764940417.3655035,0.0371106453729395,0.05938855108510808,0.0
1764940414.4575036,1764940417.9775035,0.058661742217539455,0.05432310742213643,0.0
1764940415.2315035,1764940418.6315036,0.046294708120910036,0.05093132631298837,0.0
1764940415.9455035,1764940419.2575035,0.04648440598738305,0.052782572881592,0.0
1764940416.6655035,1764940419.9315035,0.03587199464765448,0.05686826883247337,0.0
1764940417.3655035,1764940420.4795034,0.04785394445602559,0.0710844568102092,0.0
1764940417.9775035,1764940421.0755036,0.049368005833750686,0.0714002801115051,0.0
1764940418.6315036,1764940421.6295035,0.0517416659956104,0.07281483365359274,0.0
1764940419.2575035,1764940422.2795036,0.05543645010281876,0.0835583628370114,0.0
1764940419.9315035,1764940422.9315035,0.04965078045713344,0.056053545828968036,0.0
1764940420.4795034,1764940423.6455035,0.061047522472255034,0.059782940710528344,0.0
1764940421.0755036,1764940424.4495034,0.09157510578754992,0.07148426400266535,0.0
1764940421.6295035,1764940425.2435036,0.07420242583634319,0.05400925846556787,0.0
1764940422.2795036,1764940426.0735035,0.07297944916209086,0.05658621740320049,0.0
1764940422.9315035,1764940426.8435035,0.04323424568562155,0.05604462507690289,0.0
1764940423.6455035,1764940427.6175034,0.02394159560268858,0.034842502780474696,0.0
1764940424.4495034,1764940428.3575034,0.03332866633997389,0.039012818406342235,0.0
1764940425.2435036,1764940428.9675035,0.08142972430262574,0.07300000000004915,0.0
1764940426.0735035,1764940429.6115034,0.07550364229624701,0.06844705983459626,0.0
1764940426.8435035,1764940430.2895036,0.06744479223781723,0.070710678118666,0.0
1764940427.6175034,1764940431.0415034,0.060860496218849244,0.07774959806973375,0.0
1764940428.3575034,1764940431.8075035,0.06738842630603101,0.0445533388199142,0.0
1764940428.9675035,1764940432.6175034,0.06738842630603101,0.04704253394538698,0.0
1764940429.6115034,1764940433.3255036,0.05047771785650377,0.06624952830023,0.0
1764940430.2895036,1764940434.1455035,0.044586993619213346,0.07774959806970817,0.0
1764940431.0415034,1764940434.8375034,0.05699122739509886,0.09988993943335843,0.0
1764940431.8075035,1764940435.5375035,0.06261948578517729,0.09748333190858996,0.0
1764940432.6175034,1764940436.2115035,0.0572538208331979,0.08453993139339058,0.0
1764940433.3255036,1764940436.9175036,0.0574560701753899,0.0659317829275057,0.0
1764940434.1455035,1764940437.5855036,0.0155306149266708,0.02649528259902638,0.0
1764940434.8375034,1764940438.3255036,0.027835229476316357,0.043794976880917824,0.0
1764940435.5375035,1764940438.9615035,0.038652296180139344,0.06614378277656234,0.0
1764940436.2115035,1764940439.6555035,0.03839270764086321,0.07064700984463718,0.0
1764940436.9175036,1764940440.3335035,0.03750733261638946,0.06890573270771798,0.0
1764940437.5855036,1764940441.0195036,0.03663331816798299,0.05956509044725968,0.0
1764940438.3255036,1764940441.7055035,0.02282980508015925,0.030789608636638165,0.0
1764940438.9615035,1764940442.3935034,0.006542170893542738,0.010535653752905744,0.0
1764940439.6555035,1764940443.0635035,0.00829457654140633,0.011401754251120604,0.0
1764940440.3335035,1764940443.8035035,0.02733495930125587,0.03742993454451417,0.0
1764940441.0195036,1764940444.5295036,0.02998666370242085,0.038262252939499655,0.0
1764940441.7055035,1764940445.2075036,0.03093218388672038,0.044598206242035275,0.0
1764940442.3935034,1764940445.9695034,0.0396988664825919,0.05974947698519847,0.0
1764940443.0635035,1764940446.5955036,0.05380334562089345,0.08223746105031177,0.0
1764940443.8035035,1764940447.3135035,0.050962731480968,0.09340235543070248,0.0
1764940444.5295036,1764940447.9075034,0.06685207551002659,0.1091604323919594,0.0
1764940445.2075036,1764940448.5515034,0.0681615727517956,0.1042113237608978,0.0
1764940445.9695034,1764940449.1675036,0.04683161325430018,0.08121576201698157,0.0
1764940446.5955036,1764940449.7915034,0.04697658991455233,0.06779380502669898,0.0
1764940447.3135035,1764940450.4115036,0.018033302526150673,0.029732137494647058,0.0
1764940447.9075034,1764940451.0435035,0.01194989539703836,0.01754992877481298,0.0
1764940448.5515034,1764940451.6955035,0.014240786495130468,0.012806248474864702,0.0
1764940449.1675036,1764940452.3315034,0.012247448713895468,0.013711309200755624,0.0
1764940449.7915034,1764940453.1115034,0.06540030580968144,0.0722495674727156,0.0
1764940450.4115036,1764940453.7455034,0.06300793600811373,0.10175952043914017,0.0
1764940451.0435035,1764940454.5215034,0.07475827713371949,0.1231827910059296,0.0
1764940451.6955035,1764940455.0955036,0.09182156609423457,0.15850867484148756,0.0
1764940452.3315034,1764940455.7875035,0.08858893836139863,0.15312739794041208,0.0
1764940453.1115034,1764940456.3415034,0.08959464269694281,0.15128780519256266,0.0
1764940453.7455034,1764940456.9635034,0.09012879672997334,0.13836184445132033,0.0
1764940454.5215034,1764940457.6435034,0.060570619940638254,0.09963934965654535,0.0
1764940455.0955036,1764940458.2895036,0.05403702434437815,0.08258329128817384,0.0
1764940455.7875035,1764940458.8755035,0.049103971326110364,0.05618718715146867,0.0
1764940456.3415034,1764940459.6435034,0.06964768481435957,0.10229858259035529,0.0
1764940456.9635034,1764940460.5135036,0.11103693079328854,0.11036756769989123,0.0
1764940457.6435034,1764940461.4215035,0.13916608782312961,0.11101801655583203,0.0
1764940458.2895036,1764940462.2435036,0.12632022799216588,0.11532562594667602,0.0
1764940458.8755035,1764940463.0635035,0.05324659613532774,0.06954135460282232,0.0
1764940459.6435034,1764940463.8215034,0.05724334022400102,0.057965506984748186,0.0
1764940460.5135036,1764940464.3855035,0.12904572832911895,0.11034491379301145,0.0
1764940461.4215035,1764940465.0795035,0.1070924833963261,0.11973303637669976,0.0
1764940462.2435036,1764940465.6795034,0.10626758677976049,0.12826534995854735,0.0
1764940463.0635035,1764940466.3295035,0.07563068160473997,0.12650691680691825,0.0
1764940463.8215034,1764940467.0875034,0.07632037735756443,0.09906058752098888,0.0
1764940464.3855035,1764940467.7615035,0.05817215828903626,0.0869827569119799,0.0
1764940465.0795035,1764940468.5055034,0.06627820154471672,0.08213403679352474,0.0
1764940465.6795034,1764940469.2235036,0.04678461285506439,0.07978721702124966,0.0
1764940466.3295035,1764940470.0615034,0.06121111010268399,0.08403570669661539,0.0
1764940467.0875034,1764940470.7255034,0.07067389900101363,0.11382881884660381,0.0
1764940467.7615035,1764940471.3735034,0.07591310822252688,0.10821275340742521,0.0
1764940468.5055034,1764940472.0675035,0.07563861447703903,0.10953538241142516,0.0
1764940469.2235036,1764940472.6815035,0.08693215745628993,0.09898484732529433,0.0
1764940470.0615034,1764940473.3355036,0.02804995543666953,0.04914264950118123,0.0
1764940470.7255034,1764940474.0135036,0.030086541841817888,0.05034878350067208,0.0
1764940471.3735034,1764940474.6615036,0.030086541841817888,0.047707441767480256,0.0
1764940472.0675035,1764940475.3235035,0.02338375504488379,0.028124722220818014,0.0
1764940472.6815035,1764940475.9835036,0.011523888232715059,0.020736441353330793,0.0
1764940473.3355036,1764940476.7935035,0.06638674566506703,0.07574298647394792,0.0
1764940474.0135036,1764940477.5955036,0.08126007629823842,0.07435052118171882,0.0
1764940474.6615036,1764940478.3215034,0.07210547829392977,0.08283115355946644,0.0
1764940475.3235035,1764940479.1795034,0.07709734106954963,0.10529007550567913,0.0
1764940475.9835036,1764940479.8555036,0.07152062639544549,0.11708970919766479,0.0
1764940476.7935035,1764940480.6315036,0.06895505782752269,0.12686607111435041,0.0
1764940477.5955036,1764940481.2115035,0.10362818149520817,0.1553544334739122,0.0
1764940478.3215034,1764940481.8955035,0.10510375825822502,0.15003666218629716,0.0
1764940479.1795034,1764940482.4955034,0.07698571296028116,0.12685424707123247,0.0
1764940479.8555036,1764940483.1295035,0.07742092740339795,0.11823705003090736,0.0
1764940480.6315036,1764940483.8535035,0.05843629009443771,0.08066597795850879,0.0
1764940481.2115035,1764940484.4255035,0.060679485825103165,0.09762684057161931,0.0
1764940481.8955035,1764940485.1315036,0.06495229018287488,0.11048076755707627,0.0
1764940482.4955034,1764940486.1415036,0.16830567429530444,0.1879521215628852,0.0
1764940483.1295035,1764940486.9715035,0.16339277829817409,0.20413475941150394,0.0
1764940483.8535035,1764940487.8015034,0.16293802502790736,0.18985784155518648,0.0
1764940484.4255035,1764940488.5455034,0.11770811356909118,0.18290434658582602,0.0
1764940485.1315036,1764940489.3555036,0.09920080644832666,0.10520931517692766,0.0
1764940486.1415036,1764940490.1255035,0.037320235797736266,0.05611595138636446,0.0
1764940486.9715035,1764940490.8615034,0.040462328158399834,0.05893216439259481,0.0
1764940487.8015034,1764940491.5935035,0.031981244503606246,0.041352146256248175,0.0
1764940488.5455034,1764940492.2115035,0.071902712048992,0.06363961030677695,0.0
1764940489.3555036,1764940492.8415034,0.06886798966138223,0.06113918547051714,0.0
1764940490.1255035,1764940493.4935036,0.05643757613505683,0.059455865984777506,0.0
1764940490.8615034,1764940494.0595036,0.061344926440582224,0.07395944834842427,0.0
1764940491.5935035,1764940494.7155035,0.03710525569245864,0.06497691897903901,0.0
1764940492.2115035,1764940495.3755035,0.03962322551233208,0.06460650122091714,0.0
1764940492.8415034,1764940496.0755036,0.04979959839198041,0.06703730304845845,0.0
1764940493.4935036,1764940496.8695035,0.08258329128827777,0.06836665854059758,0.0
1764940494.0595036,1764940497.7475035,0.09627668461261178,0.06638523932319446,0.0
1764940494.7155035,1764940498.5515034,0.08737276463521455,0.07648529270385565,0.0
1764940495.3755035,1764940499.4695034,0.08434453153580823,0.09366429415732877,0.0
1764940496.0755036,1764940500.2335036,0.06499846152022183,0.11287603820114946,0.0
1764940496.8695035,1764940500.8815036,0.10626005834743259,0.11939849245278368,0.0
1764940497.7475035,1764940501.5915034,0.10239531239271735,0.1176265276202755,0.0
1764940498.5515034,1764940502.3715036,0.10093166004778732,0.10783320453368583,0.0
1764940499.4695034,1764940502.9615035,0.07906453060638731,0.11991663771144216,0.0
1764940500.2335036,1764940503.6095035,0.07181086268807392,0.10888985260351218,0.0
1764940500.8815036,1764940504.2395034,0.07400810766398434,0.1045609869885127,0.0
1764940501.5915034,1764940504.8615034,0.07280934006021411,0.0989242134161942,0.0
1764940502.3715036,1764940505.5055034,0.022671568097559856,0.03240370349210281,0.0
1764940502.9615035,1764940506.1495035,0.011189280584560085,0.014491376746219408,0.0
1764940503.6095035,1764940506.8715036,0.03956260860966089,0.039420806688932684,0.0
1764940504.2395034,1764940507.4795034,0.04332666615377155,0.06841783393241896,0.0
1764940504.8615034,1764940508.1315036,0.04097804290104371,0.0711688133946339,0.0
1764940505.5055034,1764940508.7595034,0.0426614580153896,0.07233947746561557,0.0
1764940506.1495035,1764940509.4535034,0.04658325879537952,0.07032069396691654,0.0
1764940506.8715036,1764940510.1275034,0.03450797009383421,0.04393176527286259,0.0
1764940507.4795034,1764940510.8235035,0.029563490998137848,0.039874804074646227,0.0
1764940508.1315036,1764940511.5095034,0.02868449058283679,0.03817066936788618,0.0
1764940508.7595034,1764940512.2335036,0.019287301521939484,0.026476404589632345,0.0
1764940509.4535034,1764940513.0155034,0.04302557379049791,0.03693237062522427,0.0
1764940510.1275034,1764940513.7375035,0.03702971779533296,0.04539823785130176,0.0
1764940510.8235035,1764940514.4215035,0.03983465827643957,0.04924428900901769,0.0
1764940511.5095034,1764940515.0955036,0.04217582245792744,0.04517742799238149,0.0
1764940512.2335036,1764940515.7555034,0.048981629209356906,0.03634556369080293,0.0
1764940513.0155034,1764940516.4695034,0.02712931993247975,0.03555277766922107,0.0
1764940513.7375035,1764940517.0815034,0.038115613598605894,0.059732738092222556,0.0
1764940514.4215035,1764940517.7375035,0.0374272627906202,0.0638827050146784,0.0
1764940515.0955036,1764940518.4775035,0.0509038308971,0.07548509786704337,0.0
1764940515.7555034,1764940519.1595035,0.05000000000000796,0.07548509786706446,0.0
1764940516.4695034,1764940519.9015036,0.05547251571726257,0.06192737682159502,0.0
1764940517.0815034,1764940520.6115034,0.036293250061160964,0.0594222180670379,0.0
1764940517.7375035,1764940521.4375036,0.05319022466584979,0.07140728254184268,0.0
1764940518.4775035,1764940522.0795035,0.06863526790219536,0.11223190277288034,0.0
1764940519.1595035,1764940522.7915034,0.0658877833896871,0.11362658139724519,0.0
1764940519.9015036,1764940523.4755034,0.06748333127526042,0.11337989239730457,0.0
1764940520.6115034,1764940524.2075036,0.06777905281136988,0.10067273712389639,0.0
1764940521.4375036,1764940524.7975035,0.05606424885790088,0.08218272324524394,0.0
1764940522.0795035,1764940525.4655035,0.05384050519822022,0.08437416666255174,0.0
1764940522.7915034,1764940526.1975036,0.057574299822050534,0.08894380248223901,0.0
1764940523.4755034,1764940526.8215034,0.06266418434801391,0.10095048291119836,0.0
1764940524.2075036,1764940527.5375035,0.05903558249058452,0.08553361912144053,0.0
1764940524.7975035,1764940528.2595034,0.044797321348531934,0.0762299153876767,0.0
1764940525.4655035,1764940529.0535035,0.060156462662005784,0.07794228634068757,0.0
1764940526.1975036,1764940529.7435036,0.060554108035752764,0.07659634456038057,0.0
1764940526.8215034,1764940530.3455036,0.06924449436598303,0.07659634456031379,0.0
1764940527.5375035,1764940531.0735035,0.07004855458895003,0.09973464794145186,0.0
1764940528.2595034,1764940531.8215034,0.07217478784174425,0.09382430388765395,0.0
1764940529.0535035,1764940532.4315035,0.06694176573708913,0.10404806581573761,0.0
1764940529.7435036,1764940533.1175034,0.06665433219228632,0.10084641788382025,0.0
1764940530.3455036,1764940533.8075035,0.05244806955456303,0.0779935894801315,0.0
1764940531.0735035,1764940534.6095035,0.07140028011151624,0.09501052573269471,0.0
1764940531.8215034,1764940535.2375035,0.07431554346168234,0.10862320194146938,0.0
1764940532.4315035,1764940535.9875035,0.06584831053267708,0.11844830095879796,0.0
1764940533.1175034,1764940536.6475034,0.06901594018781568,0.12632101962868075,0.0
1764940533.8075035,1764940537.2675035,0.07966931655289826,0.11564168798500299,0.0
1764940534.6095035,1764940537.9655035,0.053467747287517714,0.0870459648691765,0.0
1764940535.2375035,1764940538.6435034,0.0479458027360073,0.06385138996136758,0.0
1764940535.9875035,1764940539.3835034,0.04450617934624588,0.055145262715821056,0.0
1764940536.6475034,1764940540.0115035,0.04979959839197241,0.0750000000000379,0.0
1764940537.2675035,1764940540.7075036,0.03978944583685078,0.07151223671521795,0.0
1764940537.9655035,1764940541.4115036,0.04028399185785066,0.07098591409577631,0.0
1764940538.6435034,1764940542.1775036,0.051524751333738336,0.07098591409577631,0.0
1764940539.3835034,1764940542.8155036,0.055089018869476085,0.07734985455709947,0.0
1764940540.0115035,1764940543.5035036,0.04513535199817867,0.073959448348382,0.0
1764940540.7075036,1764940544.1415036,0.05247856705359182,0.0775951029382326,0.0
1764940541.4115036,1764940544.8555036,0.053280390388947434,0.08056053624443851,0.0
1764940542.1775036,1764940545.5295036,0.03194996087631432,0.05368426212581476,0.0
1764940542.8155036,1764940546.2195034,0.027033312782544512,0.04852834223416192,0.0
1764940543.5035036,1764940546.8835034,0.027517267306157882,0.04385202389853033,0.0
1764940544.1415036,1764940547.5375035,0.023151673805580513,0.02428991560298121,0.0
1764940544.8555036,1764940548.2535036,0.024641428530025232,0.035397740040887436,0.0
1764940545.5295036,1764940548.8675034,0.03835622504887034,0.06168468205317203,0.0
1764940546.2195034,1764940549.5975034,0.04706591123093384,0.08312640976246756,0.0
1764940546.8835034,1764940550.3335035,0.05307730211681895,0.08296384754817542,0.0
1764940547.5375035,1764940551.1135035,0.061145727569450886,0.07992496481070796,0.0
1764940548.2535036,1764940551.8895035,0.06676825593047607,0.06161168720294936,0.0
1764940548.8675034,1764940552.6635034,0.024859605789311904,0.023388031127024925,0.0
1764940549.5975034,1764940553.3055034,0.05904913208507011,0.0709013399027085,0.0
1764940550.3335035,1764940553.9935036,0.06369615373003498,0.07123201527403906,0.0
1764940551.1135035,1764940554.7375035,0.058470505385207004,0.07611832893596243,0.0
1764940551.8895035,1764940555.3995035,0.05572432144049508,0.08598837130687823,0.0
1764940552.6635034,1764940556.0395036,0.04264739147947306,0.05500909015797176,0.0
1764940553.3055034,1764940556.6435034,0.05254712170994904,0.0530188645673016,0.0
1764940553.9935036,1764940557.3015034,0.05121718461610826,0.05353503525731022,0.0
1764940554.7375035,1764940557.9755034,0.027589853207228624,0.036262928728862186,0.0
1764940555.3995035,1764940558.6815035,0.038507142194629924,0.03850973902790114,0.0
1764940556.0395036,1764940559.4895034,0.07549304603736114,0.060183054093325486,0.0
1764940556.6435034,1764940560.1895034,0.05802413291039716,0.0751465235390696,0.0
1764940557.3015034,1764940561.0755036,0.088807657327547,0.11858330405253634,0.0
1764940557.9755034,1764940561.8775034,0.07721916860471628,0.12431411826503949,0.0
1764940558.6815035,1764940562.6835034,0.06540030580971393,0.11382003338610054,0.0
1764940559.4895034,1764940563.5715034,0.07634919776924512,0.10875201147570424,0.0
1764940560.1895034,1764940564.2975035,0.06683412302112735,0.09880789442150177,0.0
1764940561.0755036,1764940564.9255035,0.0978529509008611,0.1028688485403236,0.0
1764940561.8775034,1764940565.5695035,0.10929409865132796,0.1032569610244866,0.0
1764940562.6835034,1764940566.1975036,0.11073391531058044,0.09510520490492913,0.0
1764940563.5715034,1764940566.8155036,0.04474371464238677,0.05177837386400803,0.0
1764940564.2975035,1764940567.4075034,0.019162463307198587,0.018027756377354,0.0
1764940564.9255035,1764940568.0475035,0.020610676844761575,0.027802877548906348,0.0
1764940565.5695035,1764940568.5535035,0.053160135439955,0.07116881339454764,0.0
1764940566.1975036,1764940569.4015036,0.12577281105228558,0.18419826274961187,0.0
1764940566.8155036,1764940570.4515035,0.21992907947788082,0.2102117979561772,0.0
1764940567.4075034,1764940571.3295035,0.21310842310895858,0.2263382424601911,0.0
1764940568.0475035,1764940572.1595035,0.19710098934297843,0.21772000367439298,0.0
1764940568.5535035,1764940573.0115035,0.0907347783377177,0.13638914912848243,0.0
1764940569.4015036,1764940573.7835035,0.10523877612361215,0.09898484732522483,0.0
1764940570.4515035,1764940574.5935035,0.04023928428787879,0.051273774973169685,0.0
1764940571.3295035,1764940575.3555036,0.03847076812336089,0.05220153254454883,0.0
1764940572.1595035,1764940575.9815035,0.08456476807745343,0.08434453153579745,0.0
1764940573.0115035,1764940576.6135035,0.08534166625976365,0.07428324171703402,0.0
1764940573.7835035,1764940577.2335036,0.0892927768634928,0.07171471257693213,0.0
1764940574.5935035,1764940577.8435035,0.06271522941040335,0.06748333127516355,0.0
1764940575.3555036,1764940578.3935034,0.03282072515960154,0.03009983388658313,0.0
1764940575.9815035,1764940579.0415034,0.03721827508095862,0.05747173218203466,0.0
1764940576.6135035,1764940579.6695035,0.03675323115049527,0.058300943388628755,0.0
1764940577.2335036,1764940580.3315034,0.04364859677014679,0.060720671933080575,0.0
1764940577.8435035,1764940581.1815035,0.11013264729411151,0.10721473779293735,0.0
1764940578.3935034,1764940582.0955036,0.1317983307936848,0.10091085174549932,0.0
1764940579.0415034,1764940582.8295035,0.12220801937680877,0.1354363319054496,0.0
1764940579.6695035,1764940583.6975036,0.10425545549273407,0.15047591169353264,0.0
1764940580.3315034,1764940584.3775034,0.09888377015466267,0.15172013709455617,0.0
1764940581.1815035,1764940585.0555034,0.11026332119067099,0.1480878117874447,0.0
1764940582.0955036,1764940585.7395034,0.08174839447961872,0.1168460525648693,0.0
1764940582.8295035,1764940586.4195035,0.08431607201473496,0.09502631214560721,0.0
1764940583.6975036,1764940587.1075034,0.003346640106104723,0.0037416573867158466,0.0
1764940584.3775034,1764940587.8955035,0.047720016764459125,0.05113707070222258,0.0
1764940585.0555034,1764940588.5755036,0.047720016764459125,0.07507329751652596,0.0
1764940585.7395034,1764940589.2875035,0.046316303824899846,0.07696752561960617,0.0
1764940586.4195035,1764940589.9055035,0.062337789502009654,0.09065870063044072,0.0
1764940587.1075034,1764940590.6135035,0.06223182465584749,0.08794316346362228,0.0
1764940587.8955035,1764940591.4455035,0.07787939393702237,0.09181503144906593,0.0
1764940588.5755036,1764940592.2375035,0.08311919152635099,0.09220629045783954,0.0
1764940589.2875035,1764940592.8815036,0.09260021598242793,0.1087336194559462,0.0
1764940589.9055035,1764940593.5135036,0.08839230735759572,0.09865089964109292,0.0
1764940590.6135035,1764940594.1895034,0.09089554444525745,0.08032434251205103,0.0
1764940591.4455035,1764940594.8655035,0.0638216264286302,0.07805126520429369,0.0
1764940592.2375035,1764940595.4255035,0.047087153237358265,0.06189507250177816,0.0
1764940592.8815036,1764940596.0595036,0.04702339843097715,0.07142828571368529,0.0
1764940593.5135036,1764940596.7675035,0.057096409694456736,0.07813449942244499,0.0
1764940594.1895034,1764940597.4015036,0.05575661395742491,0.08687922651585073,0.0
1764940594.8655035,1764940598.2015035,0.09119649116053216,0.10601886624551467,0.0
1764940595.4255035,1764940599.0315034,0.09178235124465131,0.10069756700133625,0.0
1764940596.0595036,1764940599.9435034,0.1079296066888083,0.10186756107805946,0.0
1764940596.7675035,1764940600.7415035,0.10112764211628385,0.109859000541604,0.0
1764940597.4015036,1764940601.5255034,0.05105683108072361,0.07125307010936283,0.0
1764940598.2015035,1764940602.2835035,0.05878094929485102,0.07088723439384655,0.0
1764940599.0315034,1764940602.9935036,0.07461367166951259,0.06300000000004322,0.0
1764940599.9435034,1764940603.6335034,0.06410304204949936,0.04459820624196008,0.0
1764940600.7415035,1764940604.3195035,0.05694558806437649,0.04908156476725163,0.0
1764940601.5255034,1764940604.9975035,0.04348333013927295,0.04768647607030243,0.0
1764940602.2835035,1764940605.6735034,0.02443767583057173,0.04065710270053511,0.0
1764940602.9935036,1764940606.3595035,0.018729655629512895,0.023086792761275378,0.0
1764940603.6335034,1764940607.0535035,0.007014271166704391,0.00761577310587788,0.0
1764940604.3195035,1764940607.8055034,0.03185592566544733,0.030805843601526803,0.0
1764940604.9975035,1764940608.4115036,0.0520960651105484,0.0792085853932952,0.0
1764940605.6735034,1764940609.1435034,0.055831890528646816,0.10040916292853327,0.0
1764940606.3595035,1764940609.7535036,0.06742403132417041,0.11693160394011859,0.0
1764940607.0535035,1764940610.4275036,0.06697760819858332,0.11719214990776398,0.0
1764940607.8055034,1764940611.1815035,0.06756330364925266,0.10042907945412514,0.0
1764940608.4115036,1764940611.8735034,0.05570637306449966,0.08524083528450657,0.0
1764940609.1435034,1764940612.5035036,0.05624233281080137,0.06757218362611853,0.0
1764940609.7535036,1764940613.2035034,0.04493550934396353,0.06900000000003248,0.0
1764940610.4275036,1764940613.9315035,0.0466476151587597,0.05748912940721639,0.0
1764940611.1815035,1764940614.7075036,0.052877216265602545,0.05300943312281256,0.0
1764940611.8735034,1764940615.5115035,0.06780265481530855,0.046206060208607486,0.0
1764940612.5035036,1764940616.1655035,0.06024284189848945,0.08218880702391278,0.0
1764940613.2035034,1764940616.8655035,0.05997332740481668,0.08429709366293216,0.0
1764940613.9315035,1764940617.5535035,0.06344446390353511,0.08140024569997865,0.0
1764940614.7075036,1764940618.2255034,0.05928912210520913,0.08031189202113763,0.0
1764940615.5115035,1764940618.8715036,0.02322068043793441,0.029495762407559366,0.0
1764940616.1655035,1764940619.5775034,0.024795160818196608,0.03542597916784781,0.0
1764940616.8655035,1764940620.1835034,0.03968374982279654,0.06170089140359861,0.0
1764940617.5535035,1764940620.8835034,0.042180564244660296,0.07785884663924911,0.0
1764940618.2255034,1764940621.7455034,0.09740225870070451,0.11075197515168919,0.0
1764940618.8715036,1764940622.5715034,0.10373620390201288,0.1076754382391819,0.0
1764940619.5775034,1764940623.3375034,0.10232888155354916,0.09976973488990283,0.0
1764940620.1835034,1764940624.0475035,0.07027090436306109,0.09153687781438725,0.0
1764940620.8835034,1764940624.8475034,0.057713083438672944,0.0625699608438266,0.0
1764940621.7455034,1764940625.5335035,0.058610579249848284,0.08223138087131102,0.0
1764940622.5715034,1764940626.2355034,0.047442596893518534,0.07648529270391213,0.0
1764940623.3375034,1764940626.9055035,0.04995197693784728,0.07311634564174702,0.0
1764940624.0475035,1764940627.5235035,0.066287253676708,0.06433506042592403,0.0
1764940624.8475034,1764940628.2635036,0.045285759351042724,0.06962039930942855,0.0
1764940625.5335035,1764940628.8575034,0.0604052977809594,0.10136074190737578,0.0
1764940626.2355034,1764940629.5375035,0.05800689614180435,0.10947602477265302,0.0
1764940626.9055035,1764940630.2015035,0.05779965397825163,0.10639548862626079,0.0
1764940627.5235035,1764940630.8775034,0.05276362383314539,0.08660831368880981,0.0
1764940628.2635036,1764940631.5835035,0.04272235948543744,0.047759815745120456,0.0
1764940628.8575034,1764940632.2915034,0.019131126469720115,0.018574175620989817,0.0
1764940629.5375035,1764940632.9375036,0.026442390209686247,0.03436568055493657,0.0
1764940630.2015035,1764940633.6435034,0.026743223440732013,0.04468780594305095,0.0
1764940630.8775034,1764940634.2835035,0.0342169548615677,0.05258326730054153,0.0
1764940631.5835035,1764940634.8995035,0.04106093033529925,0.05416641025581329,0.0
1764940632.2915034,1764940635.5855036,0.03641428291201689,0.05770615218494382,0.0
1764940632.9375036,1764940636.2375035,0.03612755181292738,0.05303772242460137,0.0
1764940633.6435034,1764940636.8395035,0.03287552280954423,0.048631265663144484,0.0
1764940634.2835035,1764940637.5055034,0.03485971887438097,0.05618718715154151,0.0
1764940634.8995035,1764940638.1215036,0.03444996371553356,0.04936598018885465,0.0
1764940635.5855036,1764940638.7075036,0.03266190441481103,0.048352869615039665,0.0
1764940636.2375035,1764940639.3475034,0.030613722413357476,0.04937610758258517,0.0
1764940636.8395035,1764940640.1195035,0.07131058827407538,0.07723988606923807,0.0
1764940637.5055034,1764940640.7995036,0.07201388754952583,0.08717224328867841,0.0
1764940638.1215036,1764940641.6075034,0.0923406735950691,0.10769865365905584,0.0
1764940638.7075036,1764940642.4095035,0.07663680577885826,0.10458967444241289,0.0
1764940639.3475034,1764940643.0935035,0.06299841267837569,0.0990656348083599,0.0
1764940640.1195035,1764940643.7535036,0.07226894215359272,0.08817028978058594,0.0
1764940640.7995036,1764940644.3855035,0.0821023751178888,0.06097540487768902,0.0
1764940641.6075034,1764940645.0315034,0.0678881432946645,0.06113918547051156,0.0
1764940642.4095035,1764940645.7335036,0.02874021572638081,0.034856850115841574,0.0
1764940643.0935035,1764940646.3775034,0.027546324618698586,0.04411349000017719,0.0
1764940643.7535036,1764940647.1995034,0.07959145682791267,0.0993830971543103,0.0
1764940644.3855035,1764940648.0615034,0.10149876846543754,0.10100495037367202,0.0
1764940645.0315034,1764940648.9075034,0.09681322223745842,0.09700515450216562,0.0
1764940645.7335036,1764940649.7915034,0.0966271183467261,0.09398936110000757,0.0
1764940646.3775034,1764940650.5075035,0.06481666452380186,0.08730979326500833,0.0
1764940647.1995034,1764940651.3095036,0.06582704611321674,0.09500526301193497,0.0
1764940648.0615034,1764940652.0175035,0.07729683046531934,0.10532331175936376,0.0
1764940648.9075034,1764940652.7275035,0.07711809126260895,0.10377379245244522,0.0
1764940649.7915034,1764940653.3295035,0.07027944222881778,0.08178630692221461,0.0
1764940650.5075035,1764940653.9715035,0.07579445890030793,0.07270488291704985,0.0
1764940651.3095036,1764940654.5795035,0.05206918474488155,0.05853204250656483,0.0
1764940652.0175035,1764940655.2935035,0.05314132102228923,0.07829431652420556,0.0
1764940652.7275035,1764940655.9855034,0.04942873658104392,0.058489315263598754,0.0
1764940653.3295035,1764940656.7315035,0.054874402046828856,0.06112282715976108,0.0
1764940653.9715035,1764940657.5175035,0.06642890936936498,0.06261788881783384,0.0
1764940654.5795035,1764940658.3375034,0.051872921645119946,0.038379682124780955,0.0
1764940655.2935035,1764940659.2395034,0.07913785440611663,0.05600892785977905,0.0
1764940655.9855034,1764940660.1155035,0.06414982462957047,0.05154609587548436,0.0
1764940656.7315035,1764940660.8335035,0.07350646230099053,0.09196194865275426,0.0
1764940657.5175035,1764940661.5715034,0.08161372433607983,0.09122499657448492,0.0
1764940658.3375034,1764940662.3235035,0.08544003745320937,0.08120344820272059,0.0
1764940659.2395034,1764940662.9395034,0.09220195225700847,0.10434078780617204,0.0
1764940660.1155035,1764940663.5575035,0.06559573156846867,0.06816890786863443,0.0
1764940660.8335035,1764940664.2195034,0.06430241053026947,0.07047694658541619,0.0
1764940661.5715034,1764940664.8335035,0.058230576160647994,0.07389181280767901,0.0
1764940662.3235035,1764940665.5115035,0.02907232360854485,0.043954521951682535,0.0
1764940662.9395034,1764940666.0735035,0.04460941604642425,0.07197221686180617,0.0
1764940663.5575035,1764940666.8255036,0.07033349131106369,0.11651180197735084,0.0
1764940664.2195034,1764940667.7675035,0.1480648506567575,0.14920455757117135,0.0
1764940664.8335035,1764940668.5815034,0.14275433443512914,0.15976858264378657,0.0
1764940665.5115035,1764940669.3115034,0.13786660219216892,0.15478372007419575,0.0
1764940666.0735035,1764940670.1635034,0.08484809956621218,0.13682835963348702,0.0
1764940666.8255036,1764940670.9895034,0.076262703859733,0.09823441352188557,0.0
1764940667.7675035,1764940671.7535036,0.048948953002073844,0.0803056660516492,0.0
1764940668.5815034,1764940672.4795034,0.056455292045957305,0.07135825109958593,0.0
1764940669.3115034,1764940673.1095035,0.08807269724494232,0.06239390995928294,0.0
1764940670.1635034,1764940673.8575034,0.07181086268806348,0.08502940667803244,0.0
1764940670.9895034,1764940674.5175035,0.05771308343874465,0.08974965181005466,0.0
1764940671.7535036,1764940675.1655035,0.05144706016874725,0.08813058492956569,0.0
1764940672.4795034,1764940676.0455034,0.10316006979446098,0.1363488173765887,0.0
1764940673.1095035,1764940676.7775035,0.09185423234666393,0.1429650306892616,0.0
1764940673.8575034,1764940677.5695035,0.09547146170450041,0.1393951218657632,0.0
1764940674.5175035,1764940678.3615034,0.08479858489379447,0.13926593266112383,0.0
1764940675.1655035,1764940679.0955036,0.059390234887562156,0.08339064695758285,0.0
1764940676.0455034,1764940679.8075035,0.036649693041049966,0.04205948168969659,0.0
1764940676.7775035,1764940680.5615034,0.03505424368036958,0.03757658845615515,0.0
1764940677.5695035,1764940681.3035035,0.029475413483166152,0.038223029707265835,0.0
1764940678.3615034,1764940681.9615035,0.037725323060164295,0.048559242168614174,0.0
1764940679.0955036,1764940682.6595035,0.037825917041035696,0.05074445782533653,0.0
1764940679.8075035,1764940683.4635034,0.05588201857484183,0.07076015828133561,0.0
1764940680.5615034,1764940684.1995034,0.05446833942759839,0.07863205453252589,0.0
1764940681.3035035,1764940684.8395035,0.06547365882555184,0.08192069335652281,0.0
1764940681.9615035,1764940685.6635034,0.07547979862198924,0.12095867062777986,0.0
1764940682.6595035,1764940686.2715034,0.0956389042179863,0.15219724044820393,0.0
1764940683.4635034,1764940687.0115035,0.0856107469889897,0.16215733100926014,0.0
1764940684.1995034,1764940687.6735034,0.08655634003359877,0.1602685246704463,0.0
1764940684.8395035,1764940688.4115036,0.08226056163195664,0.13757179943581974,0.0
1764940685.6635034,1764940689.1175034,0.05617828762073748,0.08812491134739014,0.0
1764940686.2715034,1764940689.7535036,0.0465274112754712,0.06757218362601926,0.0
1764940687.0115035,1764940690.5235035,0.054251267266281045,0.08556868586109907,0.0
1764940687.6735034,1764940691.1015034,0.07731235347601657,0.12176206305746672,0.0
1764940688.4115036,1764940691.7315035,0.0739675604573245,0.12313407326981148,0.0
1764940689.1175034,1764940692.3755035,0.07039318148800823,0.11861703081770651,0.0
1764940689.7535036,1764940693.0395036,0.06998571282771711,0.09896969233055601,0.0
1764940690.5235035,1764940693.7535036,0.04957015230962832,0.03802630668362791,0.0
1764940691.1015034,1764940694.5335035,0.06113264267150248,0.04295346318984028,0.0
1764940691.7315035,1764940695.3295035,0.06765500720568612,0.04315089802078996,0.0
1764940692.3755035,1764940696.1095035,0.056185407358150925,0.04315089802078996,0.0
1764940693.0395036,1764940696.8555036,0.03250846043730208,0.03797367509216709,0.0
1764940693.7535036,1764940697.4575036,0.0800924465851319,0.07580897044534582,0.0
1764940694.5335035,1764940698.1395035,0.0800924465851319,0.08571464285627126,0.0
1764940695.3295035,1764940698.8195035,0.0688418477380722,0.08526429498904062,0.0
1764940696.1095035,1764940699.5295036,0.05388135113368016,0.08526429498904062,0.0
1764940696.8555036,1764940700.2175035,0.041703716860670384,0.04566180022731433,0.0
1764940697.4575036,1764940700.8635035,0.022908513701182822,0.028354893757494674,0.0
1764940698.1395035,1764940701.5855036,0.029051678092626605,0.046572524088701585,0.0
1764940698.8195035,1764940702.3655035,0.04914061456671353,0.053037722424597075,0.0
1764940699.5295036,1764940702.9835036,0.06351377803278185,0.09607288899575173,0.0
1764940700.2175035,1764940703.6615036,0.06382789358891505,0.0983412426197427,0.0
1764940700.8635035,1764940704.3255036,0.0613253618008257,0.09131264972609553,0.0
1764940701.5855036,1764940705.0075035,0.0592688788488612,0.08661408661414643,0.0
1764940702.3655035,1764940705.6775036,0.025115732121555337,0.03108054053584037,0.0
1764940702.9835036,1764940706.3155036,0.017412639087764904,0.020346989949425465,0.0
1764940703.6615036,1764940706.9735036,0.016456001944624092,0.02233830790372536,0.0
1764940704.3255036,1764940707.6875036,0.02809270367909145,0.03411744421851357,0.0
1764940705.0075035,1764940708.3115034,0.034205262752976265,0.055452682532064305,0.0
1764940705.6775036,1764940709.0275035,0.04215684997718623,0.06936137253541363,0.0
1764940706.3155036,1764940709.7175035,0.03840312487284738,0.06952697318304459,0.0
1764940706.9735036,1764940710.4255035,0.03764571688784137,0.06456779382938567,0.0
1764940707.6875036,1764940711.1355035,0.037352376095740346,0.047296934361488276,0.0
1764940708.3115034,1764940711.8395035,0.009208691546517338,0.015099668870470545,0.0
1764940709.0275035,1764940712.5995035,0.02699629604231434,0.030413812651583053,0.0
1764940709.7175035,1764940713.1755035,0.06836080748512632,0.09656603957936752,0.0
1764940710.4255035,1764940713.8575034,0.06790287180979064,0.10965856099757382,0.0
1764940711.1355035,1764940714.6055036,0.07286425735586302,0.11444649404879292,0.0
1764940711.8395035,1764940715.1755035,0.0904809372189898,0.14142489172726255,0.0
1764940712.5995035,1764940715.8915036,0.08071431099881228,0.12986916493157985,0.0
1764940713.1755035,1764940716.5075035,0.07247896246500639,0.12947200469601466,0.0
1764940713.8575034,1764940717.0195036,0.0982588418412939,0.1351850583459458,0.0
1764940714.6055036,1764940717.6715035,0.07750354830576961,0.12366082645673056,0.0
1764940715.1755035,1764940718.3155036,0.07438548245446648,0.09985990186238049,0.0
1764940715.8915036,1764940718.9635034,0.058641282386995064,0.08587782018642287,0.0
1764940716.5075035,1764940719.6755035,0.07280934006006516,0.07572978278041224,0.0
1764940717.0195036,1764940720.3475034,0.02751726730610376,0.036537651812692085,0.0
1764940717.6715035,1764940721.1415036,0.061148998356489584,0.07018546858141676,0.0
1764940718.3155036,1764940721.8955035,0.05876393451768682,0.07268424863749576,0.0
1764940718.9635034,1764940722.6335034,0.0452238874932797,0.06635510530475952,0.0
1764940719.6755035,1764940723.3455036,0.04497999555360942,0.06469930447857389,0.0
1764940720.3475034,1764940723.9955034,0.05359850744197478,0.04012480529556026,0.0
1764940721.1415036,1764940724.7795036,0.05074248712864488,0.07574958745764275,0.0
1764940721.8955035,1764940725.3875034,0.06944926205506559,0.11500434774382737,0.0
1764940722.6335034,1764940726.0435035,0.06746258222149375,0.1168674462798618,0.0
1764940723.3455036,1764940726.6575034,0.07078982977797867,0.11453383779467097,0.0
1764940723.9955034,1764940727.3195035,0.07041306696909821,0.09619771307042374,0.0
1764940724.7795036,1764940727.9435034,0.025258661880609004,0.04566180022732927,0.0
1764940725.3875034,1764940728.6155035,0.026252618917014088,0.04619523784985639,0.0
1764940726.0435035,1764940729.1415036,0.058607166797306945,0.0844156383616976,0.0
1764940726.6575034,1764940729.8155036,0.0632866494610538,0.11011811840026685,0.0
1764940727.3195035,1764940730.3795035,0.0663113866542055,0.12145369488002583,0.0
1764940727.9435034,1764940731.1175034,0.08724677644479939,0.14670378318234925,0.0
1764940728.6155035,1764940731.7795036,0.08626702730481028,0.1319659046875596,0.0
1764940729.1415036,1764940732.5115035,0.06931954991193207,0.11378049041901232,0.0
1764940729.8155036,1764940733.4475036,0.1365239905657916,0.14328293687677318,0.0
1764940730.3795035,1764940734.2055035,0.10245974819417496,0.1457189074899252,0.0
1764940731.1175034,1764940734.9195035,0.10441647379609677,0.14249912280448707,0.0
1764940731.7795036,1764940735.7355034,0.09003332716284208,0.14713938969575976,0.0
1764940732.5115035,1764940736.4435034,0.09414244526249516,0.11768602295936169,0.0
1764940733.4475036,1764940737.1435034,0.04789572005918603,0.07599342076762414,0.0
1764940734.2055035,1764940737.8075035,0.05620320275563798,0.07498666548109399,0.0
1764940734.9195035,1764940738.4815035,0.06024284189840188,0.056026779311224476,0.0
1764940735.7355034,1764940739.1315036,0.02405826261394604,0.021236760581542797,0.0
1764940736.4435034,1764940739.6855035,0.05601071326088845,0.05316954015219312,0.0
1764940737.1435034,1764940740.3575034,0.05110772935660622,0.07834538914303568,0.0
1764940737.8075035,1764940741.0355034,0.05265738314795907,0.07826876771723935,0.0
1764940738.4815035,1764940741.7175035,0.054136863595833286,0.07754998388122311,0.0
1764940739.1315036,1764940742.5595036,0.10243436923213461,0.09926731586968766,0.0
1764940739.6855035,1764940743.3095036,0.07229107828768609,0.09098901032536211,0.0
1764940740.3575034,1764940744.1515036,0.0806399404760828,0.10148891565084557,0.0
1764940741.0355034,1764940744.9615035,0.06802058511948293,0.10254754994626177,0.0
1764940741.7175035,1764940745.6995034,0.04944896358874747,0.07512655988397036,0.0
1764940742.5595036,1764940746.3835034,0.06178996682313264,0.06553624951125182,0.0
1764940743.3095036,1764940747.0135036,0.08745741821020289,0.05526300751858781,0.0
1764940744.1515036,1764940747.6955035,0.06862943974710112,0.05964897316802303,0.0
1764940744.9615035,1764940748.3955035,0.03881752181672007,0.047465777145090045,0.0
1764940745.6995034,1764940749.0075035,0.038173289090577364,0.05853204250648131,0.0
1764940746.3835034,1764940749.6415036,0.03734702130016916,0.05236410984618496,0.0
1764940747.0135036,1764940750.3035035,0.03528739151591991,0.04730750468995494,0.0
1764940747.6955035,1764940751.0035036,0.03915609786481333,0.05034878350061224,0.0
1764940748.3955035,1764940751.9035034,0.11512254340490868,0.10240605450855891,0.0
1764940749.0075035,1764940752.8955035,0.15826180840617654,0.11181681447794868,0.0
1764940749.6415036,1764940753.6675036,0.13732734614773112,0.1554316570070317,0.0
1764940750.3035035,1764940754.4895034,0.11225862995769953,0.15612174736386322,0.0
1764940751.0035036,1764940755.3755035,0.08290476463980981,0.12514791248733542,0.0
1764940751.9035034,1764940756.0635035,0.11503564664905616,0.15344705927431773,0.0
1764940752.8955035,1764940756.9435034,0.08262445158658432,0.14450259513225458,0.0
1764940753.6675036,1764940757.6495035,0.09433557123371301,0.16643617395255123,0.0
1764940754.4895034,1764940758.2815034,0.11677671000669136,0.16727522231327932,0.0
1764940755.3755035,1764940758.9615035,0.0945304183847072,0.13605146085204795,0.0
1764940756.0635035,1764940759.7015035,0.09332309467644416,0.10126697388579979,0.0
1764940756.9435034,1764940760.4355035,0.04398636152258177,0.05361902647366326,0.0
1764940757.6495035,1764940761.1095035,0.04477945957686787,0.0484458460551123,0.0
1764940758.2815034,1764940761.9495034,0.06629328774464972,0.09242294087505258,0.0
1764940758.9615035,1764940762.7655034,0.06629328774464972,0.08789197915626344,0.0
1764940759.7015035,1764940763.4475036,0.07507329751644191,0.1098407938791221,0.0
1764940760.4355035,1764940764.2215035,0.07507329751646614,0.11510430052780805,0.0
1764940761.1095035,1764940765.0015035,0.05947436422522705,0.08087644898235977,0.0
1764940761.9495034,1764940765.6135035,0.08368273418096556,0.11671332400373598,0.0
1764940762.7655034,1764940766.3155036,0.06997999714210386,0.1066864564976103,0.0
1764940763.4475036,1764940766.8855035,0.09449444428113164,0.11710251918724474,0.0
1764940764.2215035,1764940767.5595036,0.08166517005426986,0.12766362050318458,0.0
1764940765.0015035,1764940768.2495034,0.05652610016615532,0.09567653839880108,0.0
1764940765.6135035,1764940768.8495035,0.05879455757120175,0.09567653839880107,0.0
1764940766.3155036,1764940769.5175035,0.052371748109023626,0.07760798927941576,0.0
1764940766.8855035,1764940770.1595035,0.03587199464766462,0.06014981296742343,0.0
1764940767.5595036,1764940770.7895036,0.03540056496728721,0.05968249324561206,0.0
1764940768.2495034,1764940771.5735035,0.07075874504255251,0.08498235110888641,0.0
1764940768.8495035,1764940772.1535034,0.07524626236557788,0.12727136362892152,0.0
1764940769.5175035,1764940772.8635035,0.07863078277611554,0.14222165798477826,0.0
1764940770.1595035,1764940773.4415035,0.0889426781696053,0.15713370103172064,0.0
1764940770.7895036,1764940774.0715034,0.0889426781696053,0.14015705476337068,0.0
1764940771.5735035,1764940774.6855035,0.054284436075065924,0.09759098318987208,0.0
1764940772.1535034,1764940775.3635035,0.05319022466571087,0.07992496481063897,0.0
1764940772.8635035,1764940775.9195035,0.048270073544530646,0.07578258375104074,0.0
1764940773.4415035,1764940776.5355034,0.04438468204227831,0.07729812416855916,0.0
1764940774.0715034,1764940777.2295034,0.056331163666233544,0.08611039426211411,0.0
1764940774.6855035,1764940777.8175035,0.05960536888563205,0.09613532129233443,0.0
1764940775.3635035,1764940778.5335035,0.0695499820272499,0.09809689087828072,0.0
1764940775.9195035,1764940779.1375034,0.05828550420124312,0.10913752791765709,0.0
1764940776.5355034,1764940779.8095036,0.05721887800362227,0.10777290939738124,0.0
1764940777.2295034,1764940780.4775035,0.05357984695754311,0.09331666517819445,0.0
1764940777.8175035,1764940781.1475034,0.04075782133523259,0.06698507296396115,0.0
1764940778.5335035,1764940781.8195035,0.030265491900792297,0.03518522417149411,0.0
1764940779.1375034,1764940782.4915035,0.0024494897428180805,0.0037416573868677672,0.0
1764940779.8095036,1764940783.1215036,0.0177988763689715,0.021118712081911826,0.0
1764940780.4775035,1764940783.8075035,0.02052315765172793,0.03421987726445905,0.0
1764940781.1475034,1764940784.5015035,0.023891421054380538,0.03445286635382888,0.0
1764940781.8195035,1764940785.2295034,0.03542880184254919,0.038858718455395076,0.0
1764940782.4915035,1764940785.9435034,0.037613827244743256,0.03343650699457532,0.0
1764940783.1215036,1764940786.6295035,0.01971801207021094,0.024779023386761172,0.0
1764940783.8075035,1764940787.3135035,0.019718012070210945,0.024454038521305725,0.0
1764940784.5015035,1764940787.9715035,0.028270125574566624,0.02167948338869579,0.0
1764940785.2295034,1764940788.4015036,0.11564947038352165,0.11484772527127789,0.0
1764940785.9435034,1764940788.7295034,0.16630333730864333,0.12476377679435596,0.0
1764940786.6295035,1764940789.2755034,0.15048189259839376,0.1650151508195688,0.0
1764940787.3135035,1764940789.9155035,0.14003142504448643,0.17128339090523056,0.0
1764940787.9715035,1764940790.6015034,0.14722499787736668,0.13058713566048186,0.0
1764940788.4015036,1764940791.2875035,0.15032232036528728,0.12022063050909658,0.0
1764940788.7295034,1764940792.0075035,0.06766683087007892,0.0551815186451983,0.0
1764940789.2755034,1764940792.8175035,0.06361446376415235,0.05345091205952586,0.0
1764940789.9155035,1764940793.5255034,0.05183820984559699,0.07125307010926071,0.0
1764940790.6015034,1764940794.2535036,0.04758991489796139,0.0720902212508522,0.0
1764940791.2875035,1764940795.0255034,0.0429511350257282,0.07336211556379942,0.0
1764940792.0075035,1764940795.6435034,0.07255894155789286,0.09508943158945433,0.0
1764940792.8175035,1764940796.3095036,0.0585252082439916,0.08286736390162577,0.0
1764940793.5255034,1764940796.9095035,0.0721526160301727,0.08814760348414424,0.0
1764940794.2535036,1764940797.5915034,0.06647405508914683,0.09449338601186683,0.0
1764940795.0255034,1764940798.2935035,0.04267551991476064,0.05721887800355869,0.0
1764940795.6435034,1764940798.8955035,0.04637671829691993,0.07242237223386469,0.0
1764940796.3095036,1764940799.6195035,0.05693153783265479,0.08843641783778151,0.0
1764940796.9095035,1764940800.4375036,0.07794356933061478,0.09233092656304744,0.0
1764940797.5915034,1764940801.3655035,0.12299593489212204,0.10639548862609839,0.0
1764940798.2935035,1764940802.1015034,0.12041926756123845,0.13429817571348335,0.0
1764940798.8955035,1764940802.8395035,0.08619048671396501,0.12016655108629859,0.0
1764940799.6195035,1764940803.5935035,0.08139287438093178,0.11038568747792944,0.0
1764940800.4375036,1764940804.1895034,0.11735927743468805,0.12390722335672762,0.0
1764940801.3655035,1764940804.8495035,0.06640783086357487,0.08462269199210304,0.0
1764940802.1015034,1764940805.5055034,0.06457553716386169,0.08465222974021477,0.0
1764940802.8395035,1764940806.1575034,0.05617116698091427,0.08436824046992317,0.0
1764940803.5935035,1764940806.8715036,0.041124202119909185,0.04397726685451379,0.0
1764940804.1895034,1764940807.4615035,0.04329896072649495,0.06805145112331072,0.0
1764940804.8495035,1764940808.1175034,0.043160166820751744,0.07513986957657033,0.0
1764940805.5055034,1764940808.7795036,0.04338202392691149,0.07523961722380172,0.0
1764940806.1575034,1764940809.4735036,0.04649731175015607,0.07061161377551159,0.0
1764940806.8715036,1764940810.2095034,0.05363953765642623,0.04182104733263722,0.0
1764940807.4615035,1764940810.9555035,0.04131343607109057,0.02722131517768198,0.0
1764940808.1175034,1764940811.7155035,0.04053640339252602,0.02808914381043249,0.0
1764940808.7795036,1764940812.3735034,0.042670833129867705,0.05716642371180245,0.0
1764940809.4735036,1764940813.1075034,0.04044749683222824,0.06561249880914723,0.0
1764940810.2095034,1764940813.8075035,0.041650930361657824,0.06791906948698619,0.0
1764940810.9555035,1764940814.4895034,0.041352146256194565,0.06791906948698619,0.0
1764940811.7155035,1764940815.1695035,0.02899655151904003,0.04373785545712056,0.0
1764940812.3735034,1764940815.8115034,0.033394610343557056,0.026758176320421892,0.0
1764940813.1075034,1764940816.4415035,0.029339393313455316,0.02099999999996899,0.0
1764940813.8075035,1764940816.9215035,0.08266801074173888,0.07650490180368505,0.0
1764940814.4895034,1764940817.6135035,0.08458132181513911,0.13070960178957805,0.0
1764940815.1695035,1764940818.2555034,0.08010493118404434,0.13204923324272164,0.0
1764940815.8115034,1764940818.8855035,0.07932212806020097,0.13195832675504388,0.0
1764940816.4415035,1764940819.5795035,0.08694365991836098,0.11356936206566194,0.0
1764940816.9215035,1764940820.3335035,0.04962660576744717,0.05121523210920177,0.0
1764940817.6135035,1764940821.0955036,0.06116534966791252,0.04422668877501549,0.0
1764940818.2555034,1764940821.7595034,0.05651548460375633,0.06507687761402087,0.0
1764940818.8855035,1764940822.3955035,0.055291952398159545,0.059152345684619904,0.0
1764940819.5795035,1764940823.1535034,0.060315835400016525,0.07988742078707695,0.0
1764940820.3335035,1764940823.9255035,0.06331824381648032,0.0800562302385698,0.0
1764940821.0955036,1764940824.7135034,0.06903042807344988,0.06469930447865649,0.0
1764940821.7595034,1764940825.5195036,0.06759585786137282,0.06344288770237447,0.0
1764940822.3955035,1764940826.2655034,0.02317757536930638,0.031968734726296626,0.0
1764940823.1535034,1764940826.9995034,0.02949576240752468,0.032171415884314575,0.0
1764940823.9255035,1764940827.6415036,0.06339400602590142,0.05458021619605234,0.0
1764940824.7135034,1764940828.3335035,0.06087035403224354,0.0590846849869973,0.0
1764940825.5195036,1764940828.9415035,0.05857303133702445,0.06581033353522314,0.0
1764940826.2655034,1764940829.5815034,0.048928519290912,0.06713419397013307,0.0
1764940826.9995034,1764940830.2155035,0.029745587908156325,0.04985980344940369,0.0
1764940827.6415036,1764940830.8535035,0.029812748950776586,0.04374928570854018,0.0
1764940828.3335035,1764940831.4835036,0.01253794241496318,0.0160623784043034,0.0
1764940828.9415035,1764940832.1135035,0.004560701700413343,0.005830951894863394,0.0
1764940829.5815034,1764940832.7655034,0.008717797887109932,0.01140175425098101,0.0
1764940830.2155035,1764940833.5115035,0.04972725610763323,0.04929503017535554,0.0
1764940830.8535035,1764940834.0675035,0.06885346759597134,0.1078007421123256,0.0
1764940831.4835036,1764940834.8355036,0.08779977220920486,0.15188482478497226,0.0
1764940832.1135035,1764940835.4395034,0.09176055797560799,0.17279467584383434,0.0
1764940832.7655034,1764940836.0755036,0.09250513499258162,0.1668622186116088,0.0
1764940833.5115035,1764940836.8075035,0.08945837020648337,0.14467549896236623,0.0
1764940834.0675035,1764940837.5195036,0.06875172725108677,0.0979948978264437,0.0
1764940834.8355036,1764940838.2335036,0.05620320275576461,0.05210566188046363,0.0
1764940835.4395034,1764940838.9835036,0.04342810150122665,0.0527920448552584,0.0
1764940836.0755036,1764940839.6215036,0.04260046948091629,0.0601581249707069,0.0
1764940836.8075035,1764940840.2735035,0.04681879964286894,0.05944745579072502,0.0
1764940837.5195036,1764940840.9935036,0.047979162143571584,0.06897825744389303,0.0
1764940838.2335036,1764940841.6775036,0.047031904065211905,0.06897825744389302,0.0
1764940838.9835036,1764940842.3115034,0.036155220923121255,0.046882832678969796,0.0
1764940839.6215036,1764940842.9775035,0.03307567081711149,0.04885693400128145,0.0
1764940840.2735035,1764940843.6095035,0.03658961601328408,0.03765634076750752,0.0
1764940840.9935036,1764940844.2895036,0.02379075450669893,0.039824615503408704,0.0
1764940841.6775036,1764940844.8655035,0.03925812017909921,0.06009159675018835,0.0
1764940842.3115034,1764940845.5075035,0.03927849284273453,0.06689544080121362,0.0
1764940842.9775035,1764940846.0695035,0.048731919724126306,0.07681145747864879,0.0
1764940843.6095035,1764940846.7095034,0.049448963588728155,0.08349251463457401,0.0
1764940844.2895036,1764940847.4295034,0.06277897737296594,0.07675285010995841,0.0
1764940844.8655035,1764940848.1075034,0.05840205475835736,0.0721248916809963,0.0
1764940845.5075035,1764940848.7875035,0.059742781990794434,0.05933801479651176,0.0
1764940846.0695035,1764940849.5555034,0.04860864120695403,0.0628171950979264,0.0
1764940846.7095034,1764940850.3495035,0.05193457422561446,0.05068530358974792,0.0
1764940847.4295034,1764940851.0995035,0.052547121709896255,0.05108815909771271,0.0
1764940848.1075034,1764940851.8795035,0.04473477394597403,0.052971690552534624,0.0
1764940848.7875035,1764940852.5395036,0.0523717481091478,0.06528399497592935,0.0
1764940849.5555034,1764940853.1975036,0.06497076265524188,0.06420280367719482,0.0
1764940850.3495035,1764940853.8355036,0.06304601494148729,0.06133514490087808,0.0
1764940851.0995035,1764940854.4655035,0.060679485825140635,0.059924953066409534,0.0
1764940851.8795035,1764940855.1155035,0.01322119510486892,0.015198684153682506,0.0
1764940852.5395036,1764940855.6935034,0.031016124838599942,0.039025632602281216,0.0
1764940853.1975036,1764940856.4375036,0.05965903116880333,0.09036592278068586,0.0
1764940853.8355036,1764940857.0795035,0.05953150426454667,0.10315522284402462,0.0
1764940854.4655035,1764940857.9915035,0.12895270450821034,0.16874833332501993,0.0
1764940855.1155035,1764940858.7855034,0.12961172786438255,0.17510282693306461,0.0
1764940855.6935034,1764940859.5595036,0.09649870465445859,0.154977417709659,0.0
1764940856.4375036,1764940860.2955034,0.09718436088170286,0.14804728974200573,0.0
1764940857.0795035,1764940860.9915035,0.08100123455844341,0.06574952471299315,0.0
1764940857.9915035,1764940861.6895034,0.04403180668568136,0.02901723625712071,0.0
1764940858.7855034,1764940862.3515034,0.04283456548161447,0.0324037034919958,0.0
1764940859.5595036,1764940863.0755036,0.027820855486523924,0.03937003937006945,0.0
1764940860.2955034,1764940863.7015035,0.03713219627221836,0.05910160742311892,0.0
1764940860.9915035,1764940864.4695034,0.0545637242130794,0.09237965143904912,0.0
1764940861.6895034,1764940865.1055036,0.060899917898145084,0.11284502647437883,0.0
1764940862.3515034,1764940865.8595035,0.06641385397645443,0.12375378782087708,0.0
1764940863.0755036,1764940866.7275035,0.10124623449787565,0.12796483892069904,0.0
1764940863.7015035,1764940867.4895034,0.08307105392370688,0.11937336386310751,0.0
1764940864.4695034,1764940868.2615035,0.08322980235465366,0.09897979591811931,0.0
1764940865.1055036,1764940868.9435034,0.06720714247751244,0.09182592226586586,0.0
1764940865.8595035,1764940869.4875035,0.12110821607143044,0.0984479557939326,0.0
1764940866.7275035,1764940870.1735034,0.09088894322196703,0.1087060255920841,0.0
1764940867.4895034,1764940870.8375034,0.08168965662803533,0.10920164833933854,0.0
1764940868.2615035,1764940871.5295036,0.06184820126738342,0.10016985574529938,0.0
1764940868.9435034,1764940872.3735034,0.10619416179808946,0.10504760825459389,0.0
1764940869.4875035,1764940873.1975036,0.0847891502492547,0.07794228634052859,0.0
1764940870.1735034,1764940873.9915035,0.08068952844076956,0.07865748533985827,0.0
1764940870.8375034,1764940874.8675034,0.06969361520253634,0.08742425292786224,0.0
1764940871.5295036,1764940875.6255035,0.044788391353109136,0.07336211556385364,0.0
1764940872.3735034,1764940876.4055035,0.04535636669753037,0.0734914961067321,0.0
1764940873.1975036,1764940877.1335034,0.054753995287999534,0.0759605160593465,0.0
1764940873.9915035,1764940877.8095036,0.07368039087845035,0.06941181455631451,0.0
1764940874.8675034,1764940878.4455035,0.05896778781677014,0.04260281680829621,0.0
1764940875.6255035,1764940879.1335034,0.05426969688512936,0.04889785271358054,0.0
1764940876.4055035,1764940879.7035034,0.06049132169163924,0.0732529862872061,0.0
1764940877.1335034,1764940880.3615034,0.047087153237359715,0.08162107570963394,0.0
1764940877.8095036,1764940881.0335035,0.04649731175024898,0.07960527620702819,0.0
1764940878.4455035,1764940881.7655034,0.06017640733707965,0.08137567204021423,0.0
1764940879.1335034,1764940882.4415035,0.0590491320850676,0.06215303693306419,0.0
1764940879.7035034,1764940883.1975036,0.0432434966207874,0.05932115979978283,0.0
1764940880.3615034,1764940884.0115035,0.059440726778882035,0.06532227797619428,0.0
1764940881.0335035,1764940884.7875035,0.05136925150324041,0.06055575942886755,0.0
1764940881.7655034,1764940885.5395036,0.050426183674784165,0.05428627819259551,0.0
1764940882.4415035,1764940886.2855034,0.026720778431836418,0.03570714214285052,0.0
1764940883.1975036,1764940887.0035036,0.03569313659514952,0.02675817632048987,0.0
1764940884.0115035,1764940887.6895034,0.034252007240442965,0.024083189157520203,0.0
1764940884.7875035,1764940888.3515034,0.03921734310226123,0.025059928172244214,0.0
1764940885.5395036,1764940889.1315036,0.04683161325419604,0.0640312423741726,0.0
1764940886.2855034,1764940889.7095034,0.07361249893856658,0.11779218989365521,0.0
1764940887.0035036,1764940890.4195035,0.07299863012396778,0.13418643746636244,0.0
1764940887.6895034,1764940891.0715034,0.07431823463978701,0.13688316185677338,0.0
1764940888.3515034,1764940891.7875035,0.07566240810319276,0.12784756548295395,0.0
1764940889.1315036,1764940892.3515034,0.07185541037373881,0.11078808600179596,0.0
1764940889.7095034,1764940893.0755036,0.06831398099938567,0.12032871643939219,0.0
1764940890.4195035,1764940893.8295035,0.07621810808453691,0.11736694594288628,0.0
1764940891.0715034,1764940894.5775034,0.07887204828067801,0.11264990013296365,0.0
1764940891.7875035,1764940895.3655035,0.08801590765306067,0.08439194274327781,0.0
1764940892.3515034,1764940896.1035035,0.023039097204567267,0.0337194306001798,0.0
1764940893.0755036,1764940896.8095036,0.029441467354768318,0.035071355833526816,0.0
1764940893.8295035,1764940897.5175035,0.03336465195384677,0.035071355833533296,0.0
1764940894.5775034,1764940898.1375034,0.06136122554191593,0.05379591062533147,0.0
1764940895.3655035,1764940898.8215034,0.04484194465011617,0.05836951259013243,0.0
1764940896.1035035,1764940899.4015036,0.057643733397506725,0.07698701189166614,0.0
1764940896.8095036,1764940900.0455034,0.051718468654860024,0.08373768566188285,0.0
1764940897.5175035,1764940900.6515036,0.04017461885320215,0.07313002119514228,0.0
1764940898.1375034,1764940901.2835035,0.03993494710150463,0.0663551053047338,0.0
1764940898.8215034,1764940901.9875035,0.0472313455239093,0.05443344560099744,0.0
1764940899.4015036,1764940903.0675035,0.19654719535010112,0.191945304709441,0.0
1764940900.0455034,1764940904.0655036,0.21875374282512097,0.19535352569123243,0.0
1764940900.6515036,1764940904.9875035,0.19165072397460148,0.19846410254755043,0.0
1764940901.2835035,1764940905.9635034,0.14073094897715702,0.19671044710441762,0.0
1764940901.9875035,1764940906.7035034,0.1269362044494116,0.13285330255606942,0.0
1764940903.0675035,1764940907.4755034,0.11819813873328192,0.1275068625606681,0.0
1764940904.0655036,1764940908.1515036,0.12687001221725566,0.131491444588852,0.0
1764940904.9875035,1764940908.8655035,0.11715289155638348,0.1304377246047055,0.0
1764940905.9635034,1764940909.5355034,0.04322961947555721,0.059782940710632934,0.0
1764940906.7035034,1764940910.2195034,0.04257698909040258,0.0576281181369395,0.0
1764940907.4755034,1764940910.9295034,0.02059126028195086,0.03340658617692525,0.0
1764940908.1515036,1764940911.7215035,0.04676751008976953,0.04812483766200308,0.0
1764940908.8655035,1764940912.5255034,0.06141009688962093,0.04322036556991036,0.0
1764940909.5355034,1764940913.2115035,0.05775811631274727,0.07208328516373395,0.0
1764940910.2195034,1764940914.0435035,0.06219967845580017,0.1009158064924057,0.0
1764940910.9295034,1764940914.8995035,0.064955369293127,0.09355746896968462,0.0
1764940911.7215035,1764940915.6155035,0.07403242532842037,0.11729450114995836,0.0
1764940912.5255034,1764940916.2715034,0.08923452246755069,0.10599528291399678,0.0
1764940913.2115035,1764940916.9795034,0.0861324561359204,0.08170679286329871,0.0
1764940914.0435035,1764940917.7655034,0.07809481416839877,0.09003888049057515,0.0
1764940914.8995035,1764940918.5395036,0.05281287721758269,0.055812185049413834,0.0
1764940915.6155035,1764940919.3135035,0.05590348826322622,0.04769696007074192,0.0
1764940916.2715034,1764940920.0575035,0.03231098884272557,0.0436577599057053,0.0
1764940916.9795034,1764940920.8215034,0.0163340135912367,0.020663978319723324,0.0
1764940917.7655034,1764940921.5415034,0.02379075450673716,0.03011644069277514,0.0
1764940918.5395036,1764940922.3335035,0.02874021572634521,0.0476969600708039,0.0
1764940919.3135035,1764940923.0195036,0.041545156155673744,0.07024955515869269,0.0
1764940920.0575035,1764940923.8175035,0.0490836021497906,0.089794209167375,0.0
1764940920.8215034,1764940924.5115035,0.05463698381131318,0.10170054080482008,0.0
1764940921.5415034,1764940925.1275034,0.07761958515734321,0.10206860437960126,0.0
1764940922.3335035,1764940925.7775035,0.0687662708019161,0.08807950953542608,0.0
1764940923.0195036,1764940926.4355035,0.0700771003966387,0.06733498347813295,0.0
1764940923.8175035,1764940927.1275034,0.0316417445789834,0.04450842616853054,0.0
1764940924.5115035,1764940927.8255036,0.033196385345381225,0.02351595203256607,0.0
1764940925.1275034,1764940928.5375035,0.02715142721845249,0.01860107523773847,0.0
1764940925.7775035,1764940929.3935034,0.07618923808517453,0.07322567855610941,0.0
1764940926.4355035,1764940930.1555035,0.06783214577177986,0.08552777326697011,0.0
1764940927.1275034,1764940930.9815035,0.06862943974714915,0.09158602513488631,0.0
1764940927.8255036,1764940931.7215035,0.059916608715792886,0.10136567466359428,0.0
1764940928.5375035,1764940932.4635034,0.05272570530587085,0.07237402849090069,0.0
1764940929.3935034,1764940933.2675035,0.038740160040956415,0.06268173577684072,0.0
1764940930.1555035,1764940933.8415034,0.09841138145556265,0.12584116973382836,0.0
1764940930.9815035,1764940934.5315034,0.08550555537501729,0.13095419046361817,0.0
1764940931.7215035,1764940935.1415036,0.09337665661177583,0.13662357044079051,0.0
1764940932.4635034,1764940935.8995035,0.09576011695898061,0.15197039185316602,0.0
1764940933.2675035,1764940936.6095035,0.07434245086089936,0.10309219175099739,0.0
1764940933.8415034,1764940937.3275034,0.053981478305115536,0.08595347578790588,0.0
1764940934.5315034,1764940938.0075035,0.054394852697709745,0.07868290792803227,0.0
1764940935.1415036,1764940938.7855034,0.03827270567906216,0.05626721958642456,0.0
1764940935.8995035,1764940939.6775036,0.084233010156356,0.0774661216274452,0.0
1764940936.6095035,1764940940.3875034,0.08450325437519916,0.12023310692149528,0.0
1764940937.3275034,1764940941.0075035,0.10405383222161624,0.12675961501995517,0.0
1764940938.0075035,1764940941.7195034,0.10089202148835086,0.1256542876308824,0.0
1764940938.7855034,1764940942.3695035,0.10565036677648798,0.11543396380619765,0.0
1764940939.6775036,1764940943.0835035,0.04283456548166012,0.07671375365609887,0.0
1764940940.3875034,1764940943.6655035,0.0578377039655248,0.09185858696932538,0.0
1764940941.0075035,1764940944.3195035,0.05463332316454684,0.08821564487094748,0.0
1764940941.7195034,1764940945.0155034,0.05146649395480663,0.08533463540672118,0.0
1764940942.3695035,1764940945.8575034,0.09599583324296432,0.10832358930543723,0.0
1764940943.0835035,1764940946.7935035,0.14417766817371172,0.09675226095552557,0.0
1764940943.6655035,1764940947.5215034,0.11537764081484875,0.13714226190342865,0.0
1764940944.3195035,1764940948.3275034,0.09548193546424383,0.14144963768064742,0.0
1764940945.0155034,1764940949.1255035,0.07596841448915372,0.12065239326253456,0.0
1764940945.8575034,1764940949.8595035,0.08342181968759306,0.11576700738972667,0.0
1764940946.7935035,1764940950.6195035,0.035944401511141456,0.052249401910298386,0.0
1764940947.5215034,1764940951.2255034,0.08032434251196399,0.08310234653699954,0.0
1764940948.3275034,1764940951.8675034,0.08053073947246683,0.08467585251976228,0.0
1764940949.1255035,1764940952.4895034,0.06913754406969838,0.07930952023532202,0.0
1764940949.8595035,1764940953.1835034,0.06189345684306872,0.08585452812728521,0.0
1764940950.6195035,1764940953.7875035,0.03612755181292801,0.0594222180668858,0.0
1764940951.2255034,1764940954.5155034,0.05145094751307433,0.08417838202283194,0.0
1764940951.8675034,1764940955.3255036,0.08274780963863823,0.09276313923099953,0.0
1764940952.4895034,1764940956.4495034,0.1991160465658469,0.1789664773079146,0.0
1764940953.1835034,1764940957.4375036,0.20627166552878373,0.18596236178325656,0.0
1764940953.7875035,1764940958.3155036,0.15456002070401337,0.18404890654395076,0.0
1764940954.5155034,1764940959.1455035,0.1306476176591484,0.1812456896039676,0.0
1764940955.3255036,1764940959.9435034,0.1329315613389483,0.0917932459389311,0.0
1764940956.4495034,1764940960.6315036,0.1103503511548999,0.08410112960007492,0.0
1764940957.4375036,1764940961.2735035,0.09841747812252556,0.06649060083952645,0.0
1764940958.3155036,1764940961.9575036,0.08089004883171833,0.06515366451705125,0.0
1764940959.1455035,1764940962.4815035,0.09851294331206874,0.10129659421723455,0.0
1764940959.9435034,1764940963.1255035,0.0656871372492735,0.10356157588610598,0.0
1764940960.6315036,1764940963.8275034,0.06860612217585482,0.10500000000008425,0.0
1764940961.2735035,1764940964.7135034,0.13058790143043908,0.13883083231044588,0.0
1764940961.9575036,1764940965.5555034,0.1470890886504381,0.11645600027476832,0.0
1764940962.4815035,1764940966.4375036,0.11094142598684362,0.10179390944444797,0.0
1764940963.1255035,1764940967.1535034,0.08993775625391721,0.12767928571214543,0.0
1764940963.8275034,1764940968.0855036,0.08162597625745253,0.13820998516728225,0.0
1764940964.7135034,1764940968.7635036,0.10776455818113499,0.1856044180506215,0.0
1764940965.5555034,1764940969.4495034,0.1185191967572074,0.18454809671171013,0.0
1764940966.4375036,1764940970.2495034,0.10597546885944466,0.17520844728475157,0.0
1764940967.1535034,1764940970.8395035,0.1320075755401288,0.17459954180914383,0.0
1764940968.0855036,1764940971.4975035,0.07641204093594912,0.1258332229580221,0.0
1764940968.7635036,1764940972.1975036,0.07669941329629903,0.12737739202856388,0.0
1764940969.4495034,1764940972.7995036,0.08540023419167404,0.1231462545105963,0.0
1764940970.2495034,1764940973.4315035,0.04416786161901502,0.06445153217720512,0.0
1764940970.8395035,1764940974.2395034,0.07916564911623603,0.1024597481940185,0.0
1764940971.4975035,1764940974.9255035,0.0782764332350176,0.11703845521876152,0.0
1764940972.1975036,1764940975.6875036,0.08547046273418712,0.11297344820800746,0.0
1764940972.7995036,1764940976.4695034,0.07189714876126459,0.11241885962776695,0.0
1764940973.4315035,1764940977.1475034,0.05721887800367393,0.08757853618325907,0.0
1764940974.2395034,1764940977.9195035,0.04916502822125522,0.07924014134254831,0.0
1764940974.9255035,1764940978.5635035,0.062344205825342836,0.09557719393232253,0.0
1764940975.6875036,1764940979.1675036,0.07831474956859699,0.09693296652830335,0.0
1764940976.4695034,1764940979.7935035,0.06622688275918986,0.08303613671156537,0.0
1764940977.1475034,1764940980.3995035,0.07013415715610735,0.06904346457115461,0.0
1764940977.9195035,1764940980.9855034,0.021954498400067753,0.02574878637907517,0.0
1764940978.5635035,1764940981.5855036,0.014310835055896982,0.019131126469595323,0.0
1764940979.1675036,1764940982.1815035,0.014696938456599066,0.016431676725105444,0.0
1764940979.7935035,1764940983.2175035,0.1958213471508405,0.2194310825748546,0.0
1764940980.3995035,1764940984.0715034,0.202126692942751,0.2372972819059548,0.0
1764940980.9855034,1764940984.9815035,0.19439855966535866,0.2389288597050318,0.0
1764940981.5855036,1764940985.7075036,0.1690124255786354,0.25638252670554224,0.0
1764940982.1815035,1764940986.4355035,0.1305940274284558,0.1333229162595273,0.0
1764940983.2175035,1764940987.1035035,0.10104454463247461,0.10224969437584605,0.0
1764940984.0715034,1764940987.8135035,0.09405742926523478,0.10048880534643073,0.0
1764940984.9815035,1764940988.3935034,0.06271522941028915,0.07619055059490865,0.0
1764940985.7075036,1764940989.0775034,0.05828550420114481,0.09279008567699266,0.0
1764940986.4355035,1764940989.6575034,0.061540230743710615,0.10226436329412879,0.0
1764940987.1035035,1764940990.3595035,0.06675926901927068,0.11754998936606888,0.0
1764940987.8135035,1764940991.0135036,0.05843971252490745,0.10018981984208217,0.0
1764940988.3935034,1764940991.7655034,0.06378714604057048,0.09763708311907619,0.0
1764940989.0775034,1764940992.7155035,0.139214941726767,0.12854960132177912,0.0
1764940989.6575034,1764940993.4475036,0.11268185301984032,0.15602884348719293,0.0
1764940990.3595035,1764940994.3615034,0.12538420953203283,0.17851890656150599,0.0
1764940991.0135036,1764940995.0195036,0.12423365083568676,0.21376154939528913,0.0
1764940991.7655034,1764940995.7075036,0.1336158673210906,0.18997105042580845,0.0
1764940992.7155035,1764940996.3955035,0.10231910867466142,0.15628819533132113,0.0
1764940993.4475036,1764940997.0715034,0.10599433947139725,0.12796483892053026,0.0
1764940994.3615034,1764940997.7415035,0.012296340919108528,0.015811388300777184,0.0
1764940995.0195036,1764940998.4075034,0.010334408546215293,0.007937253933263898,0.0
1764940995.7075036,1764940999.0755036,0.009230384607424156,0.008124038404681748,0.0
1764940996.3955035,1764940999.8015034,0.024859605789291327,0.028301943396187454,0.0
1764940997.0715034,1764941000.6295035,0.06999428548102461,0.05916924876997648,0.0
1764940997.7415035,1764941001.5675035,0.116721891691401,0.0800499843848363,0.0
1764940998.4075034,1764941002.3195035,0.10379209989213851,0.12193440859753575,0.0
1764940999.0755036,1764941003.1035035,0.08304697465901027,0.11962023240250484,0.0
1764940999.8015034,1764941318.4935036,140.48389493176794,157.08703693812558,25.0
1764941000.6295035,1764941318.8695035,140.53456353794257,222.29817443694864,25.0
1764941001.5675035,1764941319.3135035,140.58953575568853,222.2981579995661,25.0
1764941002.3195035,1764941319.6495035,140.63604038510192,222.29816405224776,25.0
